timestamp,episode,deaths,reward,steps,p1_lives,p2_lives,p1_wins,p2_wins,entropy,count_neutral,count_move_left,count_move_right,count_jump,count_light,count_heavy,count_dodge,prob_neutral,prob_move_left,prob_move_right,prob_jump,prob_light,prob_heavy,prob_dodge
2026-04-05 17:12:05,1,5,-176.57,140,0,5,0,1,1.9396,27,14,20,24,19,19,17,0.1474,0.1385,0.1395,0.1383,0.1493,0.1417,0.1452
2026-04-05 17:13:24,2,5,-315.38,74,0,5,0,2,1.9020,9,7,8,11,10,18,11,0.1159,0.1329,0.1156,0.1275,0.1873,0.1415,0.1792
2026-04-05 17:15:53,3,5,-97.17,194,0,5,0,3,1.7855,17,27,14,20,39,27,50,0.0782,0.1303,0.0815,0.1059,0.1925,0.1430,0.2686
2026-04-05 17:18:03,4,5,102.49,170,0,5,0,4,1.7496,9,13,10,26,42,27,43,0.0492,0.0909,0.0582,0.1236,0.2546,0.1432,0.2802
2026-04-05 17:19:37,5,5,-488.16,108,0,5,0,5,1.7235,3,5,2,18,34,24,22,0.0476,0.0835,0.0537,0.1630,0.2997,0.1523,0.2002
2026-04-05 17:21:21,6,5,-401.57,120,0,5,0,6,1.6243,1,5,8,27,38,23,18,0.0397,0.0694,0.0433,0.2063,0.3340,0.1594,0.1478
2026-04-05 17:23:17,7,5,-394.52,148,0,5,0,7,1.4710,4,6,5,41,60,25,7,0.0240,0.0450,0.0257,0.2795,0.3824,0.1518,0.0917
2026-04-05 17:25:21,8,5,-293.44,170,0,5,0,8,1.2982,3,5,3,61,60,30,8,0.0179,0.0329,0.0176,0.3514,0.3717,0.1498,0.0586
2026-04-05 17:29:29,9,6,210.10,406,0,4,0,9,1.1700,3,7,3,142,196,48,7,0.0102,0.0156,0.0093,0.3426,0.4590,0.1361,0.0272
2026-04-05 17:31:04,10,5,-307.14,107,0,5,0,10,1.0534,1,5,4,15,62,17,3,0.0090,0.0116,0.0079,0.1703,0.6172,0.1662,0.0177
2026-04-05 17:32:50,11,5,-29.51,134,0,5,0,11,1.1025,1,2,1,18,78,33,1,0.0083,0.0095,0.0075,0.1118,0.6040,0.2453,0.0136
2026-04-05 17:35:48,12,6,63.18,273,0,4,0,12,1.1246,4,2,1,21,137,108,0,0.0083,0.0089,0.0074,0.0972,0.4962,0.3691,0.0130
2026-04-05 17:38:44,13,5,123.00,274,0,5,0,13,1.1265,1,2,4,31,104,130,2,0.0100,0.0104,0.0076,0.1053,0.3865,0.4625,0.0176
2026-04-05 17:42:04,14,5,-11.14,320,0,5,0,14,1.1599,4,3,3,40,111,151,8,0.0119,0.0119,0.0080,0.1158,0.3228,0.5082,0.0214
2026-04-05 17:48:22,15,7,550.91,658,0,3,0,15,1.2357,10,10,4,78,190,355,11,0.0129,0.0122,0.0081,0.1198,0.3030,0.5218,0.0220
2026-04-05 17:53:07,16,7,604.23,471,0,3,0,16,1.3520,6,8,5,74,151,214,13,0.0187,0.0170,0.0096,0.1458,0.3036,0.4743,0.0310
2026-04-05 21:30:06,17,5,-24.86,117,0,4,0,17,0.0000,5,7,1,24,32,42,6,0.0291,0.0256,0.0131,0.1649,0.2923,0.4304,0.0446
2026-04-05 21:32:17,18,5,85.38,177,0,5,0,18,0.0000,7,7,4,22,49,77,11,0.0344,0.0305,0.0154,0.1696,0.2845,0.4133,0.0524
2026-04-05 21:34:06,19,5,-237.75,139,0,5,0,19,0.0000,4,5,0,21,45,59,5,0.0290,0.0255,0.0131,0.1648,0.2921,0.4309,0.0446
2026-04-05 21:36:05,20,5,-266.47,157,0,5,0,20,1.4127,8,4,2,31,42,65,5,0.0345,0.0306,0.0155,0.1705,0.2858,0.4108,0.0522
2026-04-05 21:39:17,21,5,143.18,302,0,5,0,21,1.4127,9,4,8,53,88,119,21,0.0328,0.0290,0.0146,0.1733,0.2939,0.4068,0.0496
2026-04-05 21:44:11,22,6,544.21,498,0,4,0,22,1.4127,12,8,7,75,168,209,19,0.0339,0.0298,0.0150,0.1738,0.2927,0.4039,0.0509
2026-04-05 21:46:43,23,5,321.40,225,0,5,0,23,1.4127,5,6,4,47,64,88,11,0.0350,0.0310,0.0156,0.1754,0.2914,0.3991,0.0524
2026-04-05 21:49:04,24,5,23.34,202,0,5,0,24,1.4557,4,4,2,37,57,94,4,0.0328,0.0290,0.0146,0.1734,0.2933,0.4072,0.0496
2026-04-05 21:50:24,25,5,-498.13,86,0,5,0,25,1.4557,4,3,3,16,20,36,4,0.0395,0.0352,0.0176,0.1821,0.2921,0.3760,0.0575
2026-04-05 21:51:58,26,5,-228.48,108,0,5,0,26,1.4557,3,6,0,19,27,42,11,0.0373,0.0330,0.0165,0.1803,0.2947,0.3834,0.0548
2026-04-05 21:54:00,27,5,-231.14,163,0,5,0,27,1.4557,11,10,2,27,41,65,7,0.0373,0.0331,0.0165,0.1802,0.2949,0.3831,0.0548
2026-04-05 21:58:43,28,6,978.27,479,0,4,0,28,1.4993,24,11,8,96,140,173,27,0.0372,0.0330,0.0165,0.1802,0.2949,0.3835,0.0547
2026-04-05 22:02:04,29,5,235.05,328,0,5,0,29,1.4993,15,10,6,64,105,102,26,0.0427,0.0376,0.0188,0.1869,0.2931,0.3600,0.0609
2026-04-05 22:04:08,30,5,274.91,165,0,5,0,30,1.4993,6,10,4,30,45,63,7,0.0428,0.0376,0.0188,0.1867,0.2932,0.3600,0.0608
2026-04-05 22:06:26,31,5,152.41,195,0,5,0,31,1.4993,10,11,1,33,65,62,13,0.0428,0.0376,0.0188,0.1868,0.2930,0.3601,0.0609
2026-04-05 22:10:27,32,6,126.33,379,0,4,0,32,1.5452,8,18,8,60,116,139,30,0.0451,0.0396,0.0199,0.1875,0.2899,0.3545,0.0636
2026-04-05 22:13:16,33,5,335.58,256,0,5,0,33,1.5452,12,11,4,53,76,85,15,0.0570,0.0500,0.0259,0.1917,0.2761,0.3223,0.0770
2026-04-05 22:15:54,34,5,-29.56,232,0,5,0,34,1.5452,7,12,2,54,66,71,20,0.0491,0.0429,0.0216,0.1932,0.2881,0.3375,0.0676
2026-04-05 22:17:47,35,5,-137.95,147,0,5,0,35,1.5452,10,5,5,24,41,52,10,0.0570,0.0500,0.0259,0.1917,0.2763,0.3223,0.0769
2026-04-05 22:20:41,36,5,144.97,264,0,5,0,36,1.5911,10,10,5,57,77,79,26,0.0550,0.0484,0.0252,0.1930,0.2791,0.3247,0.0746
2026-04-05 22:23:55,37,5,70.04,301,0,5,0,37,1.5911,14,14,8,67,91,85,22,0.0630,0.0553,0.0292,0.1981,0.2711,0.3013,0.0821
2026-04-05 22:26:35,38,5,291.21,236,0,5,0,38,1.5911,19,14,6,36,78,63,20,0.0641,0.0561,0.0296,0.1969,0.2710,0.2996,0.0828
2026-04-05 22:28:18,39,5,-5.92,126,0,5,0,39,1.5911,7,5,4,24,36,38,12,0.0626,0.0550,0.0288,0.1979,0.2716,0.3023,0.0818
2026-04-05 22:29:55,40,5,-185.46,106,0,5,0,40,1.6381,4,12,4,17,26,40,3,0.0626,0.0547,0.0286,0.1980,0.2716,0.3024,0.0820
2026-04-05 22:33:16,41,5,658.85,322,0,5,0,41,1.6381,20,12,6,57,96,101,30,0.0640,0.0554,0.0289,0.2058,0.2777,0.2869,0.0813
2026-04-05 22:35:15,42,5,-83.41,151,0,5,0,42,1.6381,6,11,7,35,35,48,9,0.0708,0.0617,0.0332,0.2015,0.2668,0.2769,0.0891
2026-04-05 22:37:23,43,5,-60.78,173,0,5,0,43,1.6381,8,10,3,36,51,48,17,0.0642,0.0554,0.0289,0.2057,0.2780,0.2864,0.0814
2026-04-05 22:39:54,44,5,360.91,213,0,5,0,44,1.6819,15,16,6,33,61,59,23,0.0698,0.0608,0.0327,0.2022,0.2681,0.2784,0.0881
2026-04-05 22:41:37,45,5,-459.26,127,0,5,0,45,1.6819,12,6,4,26,36,34,9,0.0723,0.0617,0.0332,0.2084,0.2711,0.2651,0.0882
2026-04-05 22:44:01,46,5,621.34,206,0,5,0,46,1.6819,13,13,3,39,62,57,19,0.0722,0.0616,0.0332,0.2083,0.2710,0.2654,0.0883
2026-04-05 22:46:45,47,5,546.45,246,0,5,0,47,1.6819,28,13,9,54,69,61,12,0.0782,0.0674,0.0377,0.2040,0.2601,0.2575,0.0951
2026-04-05 22:48:51,48,5,-234.44,169,0,5,0,48,1.7218,10,11,2,40,38,49,19,0.0723,0.0618,0.0332,0.2085,0.2707,0.2652,0.0884
2026-04-05 22:50:28,49,5,81.61,115,0,5,0,49,1.7218,14,8,3,16,36,29,9,0.0810,0.0684,0.0382,0.2078,0.2625,0.2473,0.0947
2026-04-05 22:52:50,50,5,165.57,196,0,5,0,50,1.7218,11,14,8,45,55,45,18,0.0860,0.0734,0.0423,0.2038,0.2527,0.2411,0.1007
2026-04-05 22:54:16,51,5,-223.96,89,0,5,0,51,1.7218,5,5,6,22,19,23,9,0.0832,0.0706,0.0399,0.2064,0.2586,0.2444,0.0969
2026-04-05 22:56:33,52,5,133.80,188,0,5,0,52,1.7584,13,12,7,39,58,47,12,0.0810,0.0684,0.0381,0.2075,0.2629,0.2476,0.0946
2026-04-05 22:58:16,53,5,-362.72,124,0,5,0,53,1.7584,5,8,3,28,32,29,19,0.0903,0.0757,0.0435,0.2032,0.2529,0.2333,0.1009
2026-04-05 22:59:59,54,5,-40.99,128,0,5,0,54,1.7584,15,6,7,21,30,32,17,0.0903,0.0758,0.0435,0.2029,0.2530,0.2336,0.1009
2026-04-05 23:02:31,55,5,-196.19,210,0,5,0,55,1.7584,13,15,12,40,58,52,20,0.0902,0.0756,0.0435,0.2030,0.2533,0.2336,0.1009
2026-04-05 23:04:49,56,5,184.22,185,0,5,0,56,1.7914,21,17,12,40,41,41,13,0.0903,0.0757,0.0435,0.2031,0.2532,0.2334,0.1008
2026-04-05 23:06:35,57,5,-366.31,125,0,5,0,57,1.7914,9,14,5,29,24,25,19,0.0990,0.0820,0.0478,0.1971,0.2391,0.2281,0.1070
2026-04-05 23:08:41,58,5,380.68,167,0,5,0,58,1.7914,18,16,4,27,38,39,25,0.0988,0.0819,0.0478,0.1968,0.2391,0.2285,0.1071
2026-04-05 23:10:48,59,5,395.06,171,0,4,0,59,1.7914,15,11,8,34,34,46,23,0.0990,0.0820,0.0479,0.1966,0.2387,0.2285,0.1073
2026-04-05 23:12:55,60,6,95.85,157,0,4,0,60,1.8180,17,14,9,41,27,35,14,0.0990,0.0820,0.0479,0.1971,0.2387,0.2281,0.1072
2026-04-05 23:14:29,61,5,-336.15,108,0,5,0,61,1.8180,14,6,8,18,32,17,13,0.1075,0.0883,0.0524,0.1897,0.2257,0.2234,0.1130
2026-04-05 23:16:57,62,5,-107.36,207,0,5,0,62,1.8180,25,20,9,34,41,47,31,0.1074,0.0881,0.0522,0.1894,0.2260,0.2238,0.1130
2026-04-05 23:18:54,63,5,-26.35,151,0,5,0,63,1.8180,18,14,5,28,30,37,19,0.1074,0.0882,0.0523,0.1897,0.2258,0.2235,0.1131
2026-04-05 23:20:49,64,5,-28.81,144,0,5,0,64,1.8409,11,10,9,28,33,32,21,0.1074,0.0882,0.0524,0.1895,0.2256,0.2238,0.1132
2026-04-05 23:22:07,65,5,-470.49,75,0,5,0,65,1.8409,9,8,2,11,13,19,13,0.1167,0.0932,0.0561,0.1816,0.2140,0.2223,0.1161
2026-04-05 23:23:53,66,5,296.49,132,0,5,0,66,1.8409,14,11,5,20,32,35,15,0.1194,0.0967,0.0601,0.1782,0.2082,0.2173,0.1201
2026-04-05 23:26:02,67,5,378.67,166,0,5,0,67,1.8409,22,19,10,23,33,45,14,0.1196,0.0966,0.0603,0.1784,0.2072,0.2172,0.1207
2026-04-05 23:27:51,68,6,560.87,130,0,4,0,68,1.8576,8,6,5,30,31,31,19,0.1168,0.0937,0.0569,0.1812,0.2131,0.2215,0.1168
2026-04-05 23:29:45,69,5,-36.30,140,0,5,0,69,1.8576,16,12,9,27,34,28,14,0.1272,0.1015,0.0650,0.1710,0.1992,0.2128,0.1233
2026-04-05 23:32:22,70,5,170.85,232,0,5,0,70,1.8576,32,16,11,39,36,63,35,0.1241,0.0977,0.0602,0.1744,0.2051,0.2195,0.1189
2026-04-05 23:33:58,71,5,-45.59,105,0,5,0,71,1.8576,11,15,3,14,27,26,9,0.1242,0.0977,0.0602,0.1745,0.2051,0.2194,0.1189
2026-04-05 23:36:12,72,5,-20.04,180,0,5,0,72,1.8711,19,14,10,34,43,39,21,0.1241,0.0977,0.0604,0.1747,0.2047,0.2194,0.1190
2026-04-05 23:38:03,73,5,-66.07,139,0,5,0,73,1.8711,23,14,6,29,25,25,17,0.1330,0.1023,0.0639,0.1697,0.1923,0.2148,0.1240
2026-04-05 23:39:34,74,5,-259.30,95,0,5,0,74,1.8711,11,11,9,11,21,21,11,0.1331,0.1023,0.0639,0.1696,0.1924,0.2148,0.1239
2026-04-05 23:41:14,75,5,-226.25,131,0,5,0,75,1.8711,28,5,3,20,26,33,16,0.1330,0.1023,0.0640,0.1699,0.1919,0.2147,0.1242
2026-04-05 23:42:45,76,5,-60.55,95,0,5,0,76,1.8848,11,11,9,13,19,17,15,0.1345,0.1055,0.0683,0.1665,0.1886,0.2096,0.1270
2026-04-05 23:44:14,77,5,-310.21,96,0,5,0,77,1.8848,9,12,3,14,18,25,15,0.1397,0.1053,0.0667,0.1659,0.1817,0.2124,0.1284
2026-04-05 23:46:12,78,5,-224.26,146,0,5,0,78,1.8848,19,16,12,32,22,30,15,0.1397,0.1053,0.0668,0.1659,0.1815,0.2122,0.1285
2026-04-05 23:47:38,79,5,-486.64,91,0,5,0,79,1.8848,15,10,5,15,18,17,11,0.1413,0.1086,0.0713,0.1630,0.1781,0.2064,0.1312
2026-04-05 23:48:52,80,5,-439.15,66,0,5,0,80,1.8932,12,7,6,10,16,7,8,0.1406,0.1079,0.0703,0.1640,0.1786,0.2073,0.1313
2026-04-05 23:50:14,81,5,-328.54,85,0,5,0,81,1.8932,15,8,5,15,14,21,7,0.1449,0.1072,0.0688,0.1635,0.1727,0.2107,0.1323
2026-04-05 23:51:41,82,5,-273.70,86,0,5,0,82,1.8932,8,8,11,11,14,16,18,0.1447,0.1072,0.0688,0.1633,0.1727,0.2109,0.1323
2026-04-05 23:53:44,83,5,84.82,159,0,5,0,83,1.8932,25,15,11,23,23,39,23,0.1447,0.1071,0.0686,0.1633,0.1729,0.2112,0.1322
2026-04-05 23:56:19,84,5,-230.99,219,0,5,0,84,1.8983,32,25,11,39,40,46,26,0.1451,0.1081,0.0702,0.1625,0.1723,0.2091,0.1327
2026-04-05 23:57:39,85,5,-481.63,69,0,5,0,85,1.8983,11,15,8,12,9,11,3,0.1485,0.1077,0.0693,0.1605,0.1664,0.2123,0.1352
2026-04-05 23:58:57,86,5,-471.59,71,0,5,0,86,1.8983,11,13,3,12,7,11,14,0.1486,0.1103,0.0732,0.1585,0.1642,0.2077,0.1374
2026-04-06 00:01:14,87,5,1073.52,178,0,5,0,87,1.8983,23,18,18,21,30,40,28,0.1483,0.1085,0.0709,0.1597,0.1657,0.2108,0.1360
2026-04-06 00:03:10,88,5,-183.46,150,0,5,0,88,1.9000,20,12,7,23,34,32,22,0.1483,0.1076,0.0696,0.1606,0.1659,0.2124,0.1356
2026-04-06 00:04:46,89,5,-220.18,110,0,5,0,89,1.9000,16,13,4,16,23,21,17,0.1508,0.1071,0.0707,0.1558,0.1612,0.2146,0.1398
2026-04-06 00:05:57,90,5,-484.34,61,0,5,0,90,1.9000,10,3,8,5,8,19,8,0.1510,0.1098,0.0745,0.1544,0.1604,0.2092,0.1407
2026-04-06 00:08:17,91,5,-50.29,192,0,5,0,91,1.9000,33,21,12,29,33,41,23,0.1510,0.1097,0.0743,0.1537,0.1600,0.2093,0.1419
2026-04-06 00:10:10,92,5,185.25,133,0,5,0,92,1.9010,15,19,9,16,27,26,21,0.1508,0.1070,0.0706,0.1554,0.1613,0.2151,0.1398
2026-04-06 00:12:01,93,5,215.08,136,0,5,0,93,1.9010,19,14,8,25,21,31,18,0.1533,0.1092,0.0758,0.1508,0.1555,0.2097,0.1457
2026-04-06 00:13:28,94,5,-471.91,90,0,5,0,94,1.9010,13,7,10,20,9,21,10,0.1537,0.1064,0.0717,0.1520,0.1564,0.2157,0.1440
2026-04-06 00:15:22,95,5,-106.99,147,0,5,0,95,1.9010,25,15,5,28,23,28,23,0.1537,0.1064,0.0718,0.1523,0.1561,0.2155,0.1441
2026-04-06 00:17:34,96,5,75.90,169,0,4,0,96,1.9018,27,22,14,26,32,28,20,0.1538,0.1067,0.0721,0.1520,0.1563,0.2151,0.1442
2026-04-06 00:19:22,97,5,-217.85,136,0,5,0,97,1.9018,21,6,12,24,25,30,18,0.1557,0.1055,0.0758,0.1440,0.1533,0.2159,0.1498
2026-04-06 00:21:15,98,5,85.84,146,0,5,0,98,1.9018,27,10,8,20,24,40,17,0.1558,0.1057,0.0765,0.1445,0.1532,0.2152,0.1490
2026-04-06 00:23:11,99,5,-256.04,144,0,5,0,99,1.9018,23,14,12,23,23,25,24,0.1562,0.1025,0.0719,0.1452,0.1535,0.2223,0.1483
2026-04-06 00:24:44,100,5,-321.70,96,0,5,0,100,1.8982,12,12,11,14,20,15,12,0.1563,0.1025,0.0720,0.1453,0.1533,0.2222,0.1484
2026-04-06 00:26:54,101,5,272.65,166,0,4,0,101,1.8982,23,17,16,18,24,47,21,0.1569,0.0991,0.0724,0.1394,0.1504,0.2291,0.1527
2026-04-06 00:28:27,102,5,-76.03,104,0,5,0,102,1.8982,18,11,8,11,12,21,23,0.1569,0.0987,0.0718,0.1392,0.1504,0.2303,0.1526
2026-04-06 00:30:07,103,5,-137.42,115,0,5,0,103,1.8982,17,11,9,15,21,29,13,0.1566,0.1016,0.0754,0.1390,0.1498,0.2234,0.1542
2026-04-06 00:31:52,104,5,77.84,127,0,5,0,104,1.8929,19,7,12,11,17,40,21,0.1570,0.0986,0.0717,0.1390,0.1503,0.2306,0.1527
2026-04-06 00:33:31,105,5,-58.09,111,0,5,0,105,1.8929,14,12,9,13,18,29,16,0.1567,0.0975,0.0743,0.1336,0.1478,0.2353,0.1548
2026-04-06 00:35:03,106,5,-69.26,100,0,5,0,106,1.8929,10,10,6,10,20,27,17,0.1570,0.0963,0.0728,0.1332,0.1477,0.2383,0.1548
2026-04-06 00:36:31,107,5,-479.27,92,0,5,0,107,1.8929,18,10,8,5,13,23,15,0.1570,0.0962,0.0727,0.1332,0.1478,0.2383,0.1546
2026-04-06 00:38:13,108,5,-284.74,123,0,5,0,108,1.8884,16,8,6,19,22,30,22,0.1570,0.0963,0.0727,0.1331,0.1479,0.2384,0.1546
2026-04-06 00:39:58,109,5,165.49,125,0,5,0,109,1.8884,22,13,11,14,13,32,20,0.1560,0.0932,0.0727,0.1281,0.1461,0.2477,0.1562
2026-04-06 00:41:47,110,5,-160.58,130,0,5,0,110,1.8884,17,13,10,17,17,36,20,0.1561,0.0933,0.0728,0.1281,0.1461,0.2473,0.1562
2026-04-06 00:43:55,111,5,113.08,168,0,5,0,111,1.8884,24,14,14,25,25,36,30,0.1558,0.0946,0.0741,0.1289,0.1465,0.2441,0.1561
2026-04-06 00:45:46,112,5,-319.56,142,0,5,0,112,1.8822,29,7,11,15,17,37,26,0.1560,0.0972,0.0773,0.1291,0.1468,0.2375,0.1562
2026-04-06 00:47:25,113,5,-369.50,111,0,5,0,113,1.8822,15,14,7,11,16,26,22,0.1513,0.0983,0.0876,0.1227,0.1424,0.2455,0.1522
2026-04-06 00:48:52,114,5,-502.46,89,0,5,0,114,1.8822,12,5,14,11,17,20,10,0.1515,0.0962,0.0855,0.1219,0.1417,0.2509,0.1523
2026-04-06 00:51:14,115,5,584.32,203,0,5,0,115,1.8822,52,17,19,16,26,46,27,0.1513,0.0948,0.0843,0.1212,0.1411,0.2551,0.1522
2026-04-06 00:52:29,116,5,-476.84,68,0,5,0,116,1.8851,16,11,4,7,11,9,10,0.1518,0.0983,0.0878,0.1227,0.1418,0.2444,0.1533
2026-04-06 00:54:36,117,5,-205.55,167,0,5,0,117,1.8851,23,17,9,21,24,52,21,0.1464,0.0957,0.0947,0.1155,0.1366,0.2623,0.1487
2026-04-06 00:56:10,118,5,-133.31,99,0,5,0,118,1.8851,14,13,9,7,16,23,17,0.1466,0.0985,0.0976,0.1175,0.1377,0.2529,0.1493
2026-04-06 00:57:57,119,5,190.96,128,0,5,0,119,1.8851,14,10,11,12,19,44,18,0.1463,0.0955,0.0949,0.1155,0.1363,0.2625,0.1490
2026-04-06 00:59:54,120,5,-26.66,146,0,5,0,120,1.8849,23,14,10,12,26,44,17,0.1463,0.0955,0.0948,0.1154,0.1366,0.2625,0.1488
2026-04-06 01:02:27,121,5,504.25,214,0,5,0,121,1.8849,33,24,16,19,29,61,32,0.1422,0.0979,0.1083,0.1131,0.1334,0.2559,0.1493
2026-04-06 01:04:25,122,5,118.71,142,0,5,0,122,1.8849,16,21,9,10,24,41,21,0.1423,0.0982,0.1092,0.1134,0.1334,0.2549,0.1486
2026-04-06 01:05:54,123,5,185.66,89,0,5,0,123,1.8849,13,10,11,10,12,23,10,0.1415,0.0951,0.1064,0.1113,0.1326,0.2655,0.1475
2026-04-06 01:07:47,124,5,173.47,134,0,5,0,124,1.8859,21,13,17,9,21,32,21,0.1415,0.0951,0.1065,0.1113,0.1324,0.2656,0.1476
2026-04-06 01:09:27,125,5,-322.93,115,0,5,0,125,1.8859,15,7,13,20,15,32,13,0.1379,0.0985,0.1191,0.1105,0.1317,0.2553,0.1470
2026-04-06 01:11:25,126,5,396.85,142,0,5,0,126,1.8859,18,14,17,19,19,38,17,0.1372,0.0953,0.1175,0.1082,0.1297,0.2655,0.1465
2026-04-06 01:13:01,127,5,-172.50,104,0,5,0,127,1.8859,15,14,7,12,14,21,21,0.1372,0.0953,0.1176,0.1084,0.1299,0.2652,0.1465
2026-04-06 01:14:55,128,5,189.43,141,0,5,0,128,1.8877,25,12,16,8,15,44,21,0.1375,0.0964,0.1184,0.1091,0.1304,0.2614,0.1468
2026-04-06 01:16:21,129,5,-417.55,80,0,5,0,129,1.8877,12,10,15,11,11,14,7,0.1344,0.0994,0.1284,0.1087,0.1296,0.2526,0.1470
2026-04-06 01:17:39,130,5,-490.61,69,0,5,0,130,1.8877,8,5,11,5,9,18,13,0.1331,0.0964,0.1278,0.1064,0.1282,0.2625,0.1455
2026-04-06 01:18:59,131,5,-479.62,72,0,5,0,131,1.8877,8,9,9,5,5,23,13,0.1332,0.0964,0.1276,0.1064,0.1282,0.2626,0.1455
2026-04-06 01:20:48,132,6,-187.11,118,0,4,0,132,1.8902,11,9,18,19,23,24,14,0.1332,0.0963,0.1278,0.1064,0.1283,0.2625,0.1454
2026-04-06 01:22:27,133,5,-47.16,105,0,4,0,133,1.8902,13,12,15,11,14,19,21,0.1290,0.0965,0.1367,0.1049,0.1270,0.2618,0.1441
2026-04-06 01:24:03,134,5,59.31,109,0,5,0,134,1.8902,21,9,12,14,16,20,17,0.1289,0.0965,0.1367,0.1048,0.1269,0.2621,0.1441
2026-04-06 01:26:18,135,5,79.22,157,0,4,0,135,1.8902,12,15,34,15,18,44,19,0.1291,0.0966,0.1366,0.1048,0.1270,0.2618,0.1441
2026-04-06 01:28:00,136,5,-208.96,113,0,5,0,136,1.8906,16,10,17,15,9,22,24,0.1289,0.0966,0.1365,0.1048,0.1270,0.2620,0.1441
2026-04-06 01:29:34,137,5,-395.30,102,0,5,0,137,1.8906,22,11,13,9,9,30,8,0.1264,0.0976,0.1440,0.1036,0.1267,0.2584,0.1433
2026-04-06 01:30:53,138,5,-472.84,70,0,5,0,138,1.8906,8,7,10,13,8,20,4,0.1276,0.1000,0.1442,0.1054,0.1277,0.2506,0.1445
2026-04-06 01:32:31,139,5,-102.18,105,0,5,0,139,1.8906,11,10,15,20,12,24,13,0.1280,0.1005,0.1435,0.1059,0.1281,0.2490,0.1450
2026-04-06 01:33:49,140,5,7.70,71,0,5,0,140,1.8925,7,8,7,8,6,24,11,0.1278,0.1005,0.1443,0.1059,0.1282,0.2492,0.1440
2026-04-06 01:35:28,141,5,104.93,104,0,4,0,141,1.8925,16,13,16,12,11,28,8,0.1236,0.0979,0.1507,0.1021,0.1264,0.2569,0.1424
2026-04-06 01:37:07,142,5,-308.99,103,0,5,0,142,1.8925,6,9,19,13,8,37,11,0.1252,0.1008,0.1504,0.1046,0.1281,0.2478,0.1431
2026-04-06 01:38:38,143,5,-273.02,90,0,5,0,143,1.8925,10,9,16,6,17,19,13,0.1236,0.0979,0.1507,0.1021,0.1264,0.2568,0.1425
2026-04-06 01:40:20,144,5,-5.26,115,0,5,0,144,1.8924,16,10,12,10,21,30,16,0.1235,0.0979,0.1506,0.1020,0.1264,0.2571,0.1425
2026-04-06 01:41:54,145,5,-414.26,93,0,5,0,145,1.8924,11,10,18,9,10,18,17,0.1230,0.1008,0.1560,0.1032,0.1277,0.2470,0.1423
2026-04-06 01:43:48,146,5,-278.58,127,0,5,0,146,1.8924,11,14,22,15,15,31,19,0.1210,0.0979,0.1569,0.1006,0.1260,0.2563,0.1413
2026-04-06 01:45:26,147,5,-83.02,105,0,5,0,147,1.8924,12,10,13,9,9,30,22,0.1217,0.0990,0.1566,0.1015,0.1266,0.2529,0.1417
2026-04-06 01:47:10,148,5,-99.82,113,0,5,0,148,1.8912,15,15,15,9,16,27,16,0.1209,0.0979,0.1569,0.1005,0.1260,0.2565,0.1414
2026-04-06 01:48:32,149,5,-224.85,84,0,5,0,149,1.8912,20,5,12,10,9,14,14,0.1205,0.1003,0.1606,0.1009,0.1275,0.2488,0.1414
2026-04-06 01:50:17,150,5,-81.07,116,0,5,0,150,1.8912,16,14,16,12,13,35,10,0.1184,0.0974,0.1621,0.0986,0.1258,0.2579,0.1399
2026-04-06 01:52:06,151,5,-86.38,125,0,5,0,151,1.8912,19,12,19,14,15,33,13,0.1184,0.0974,0.1621,0.0986,0.1257,0.2579,0.1400
2026-04-06 01:53:43,152,5,1.36,107,0,5,0,152,1.8884,17,7,14,12,12,32,13,0.1203,0.0999,0.1605,0.1007,0.1271,0.2501,0.1414
2026-04-06 01:55:30,153,5,-446.15,113,0,5,0,153,1.8884,15,12,25,8,12,24,17,0.1175,0.0991,0.1649,0.0992,0.1274,0.2523,0.1397
2026-04-06 01:57:15,154,5,-294.55,123,0,5,0,154,1.8884,18,12,11,11,20,33,18,0.1153,0.0962,0.1669,0.0965,0.1255,0.2611,0.1385
2026-04-06 01:58:48,155,5,-345.97,95,0,5,0,155,1.8884,8,8,15,14,12,24,14,0.1180,0.0993,0.1647,0.0994,0.1272,0.2511,0.1404
2026-04-06 02:00:03,156,5,-471.58,65,0,5,0,156,1.8840,8,6,9,5,10,14,13,0.1176,0.0990,0.1651,0.0991,0.1271,0.2526,0.1396
2026-04-06 02:01:51,157,5,-207.01,118,0,5,0,157,1.8840,11,12,19,13,10,40,13,0.1121,0.0947,0.1717,0.0941,0.1250,0.2654,0.1370
2026-04-06 02:03:24,158,5,-97.77,99,0,5,0,158,1.8840,13,8,13,11,14,32,8,0.1122,0.0947,0.1716,0.0941,0.1250,0.2653,0.1371
2026-04-06 02:04:58,159,5,-242.45,93,0,5,0,159,1.8840,8,11,16,10,13,20,15,0.1123,0.0948,0.1715,0.0943,0.1249,0.2651,0.1372
2026-04-06 02:06:25,160,5,266.91,87,0,5,0,160,1.8781,12,5,15,8,15,23,9,0.1132,0.0960,0.1709,0.0953,0.1255,0.2615,0.1376
2026-04-06 02:08:10,161,5,-61.71,117,0,5,0,161,1.8781,22,9,22,5,12,27,20,0.1095,0.0941,0.1755,0.0927,0.1251,0.2679,0.1352
2026-04-06 02:09:30,162,5,-469.05,71,0,5,0,162,1.8781,5,7,11,5,11,22,10,0.1115,0.0962,0.1739,0.0948,0.1263,0.2609,0.1364
2026-04-06 02:11:38,163,5,330.57,155,0,5,0,163,1.8781,14,12,25,13,20,46,25,0.1085,0.0928,0.1758,0.0914,0.1245,0.2724,0.1346
2026-04-06 02:13:35,164,5,300.35,134,0,5,0,164,1.8699,13,14,24,10,17,41,15,0.1086,0.0928,0.1759,0.0914,0.1244,0.2721,0.1347
2026-04-06 02:14:58,165,5,-471.35,78,0,5,0,165,1.8699,6,7,14,9,10,19,13,0.1086,0.0948,0.1766,0.0923,0.1262,0.2675,0.1339
2026-04-06 02:16:12,166,5,-305.06,64,0,5,0,166,1.8699,7,6,9,5,11,14,12,0.1091,0.0953,0.1764,0.0928,0.1268,0.2657,0.1339
2026-04-06 02:17:33,167,5,-486.37,75,0,5,0,167,1.8699,7,6,11,5,9,19,18,0.1087,0.0950,0.1763,0.0926,0.1265,0.2663,0.1346
2026-04-06 02:19:16,168,5,-47.12,113,0,4,0,168,1.8636,16,9,19,7,8,30,24,0.1059,0.0918,0.1793,0.0894,0.1244,0.2770,0.1323
2026-04-06 02:21:04,169,5,-275.47,114,0,5,0,169,1.8636,7,16,20,10,10,39,12,0.1026,0.0902,0.1825,0.0869,0.1241,0.2838,0.1300
2026-04-06 02:22:35,170,5,-447.20,93,0,5,0,170,1.8636,7,8,12,6,12,38,10,0.1026,0.0902,0.1825,0.0869,0.1241,0.2839,0.1299
2026-04-06 02:23:47,171,5,-478.90,54,0,5,0,171,1.8636,7,9,10,2,7,15,4,0.1027,0.0903,0.1823,0.0869,0.1241,0.2837,0.1299
2026-04-06 02:25:02,172,5,-195.63,65,0,5,0,172,1.8553,6,5,10,6,8,18,12,0.1062,0.0940,0.1797,0.0905,0.1265,0.2714,0.1317
2026-04-06 02:26:12,173,5,-470.66,52,0,5,0,173,1.8553,4,5,11,1,14,13,4,0.0994,0.0883,0.1859,0.0842,0.1235,0.2915,0.1273
2026-04-06 02:28:00,174,5,456.15,117,0,5,0,174,1.8553,9,9,24,14,14,28,19,0.0992,0.0882,0.1859,0.0841,0.1234,0.2918,0.1274
2026-04-06 02:29:47,175,5,-16.56,122,0,5,0,175,1.8553,15,12,16,11,15,33,20,0.1006,0.0898,0.1850,0.0856,0.1243,0.2865,0.1282
2026-04-06 02:31:19,176,5,-83.78,91,0,5,0,176,1.8451,11,10,15,6,5,29,15,0.1006,0.0897,0.1849,0.0855,0.1243,0.2870,0.1281
2026-04-06 02:33:13,177,5,-311.23,129,0,5,0,177,1.8451,11,11,24,15,23,35,10,0.0968,0.0869,0.1890,0.0824,0.1228,0.2966,0.1254
2026-04-06 02:34:43,178,5,79.83,89,0,5,0,178,1.8451,11,9,15,7,6,30,11,0.0969,0.0870,0.1889,0.0825,0.1228,0.2963,0.1256
2026-04-06 02:36:37,179,5,354.11,125,0,5,0,179,1.8451,8,9,28,11,18,35,16,0.0997,0.0901,0.1865,0.0855,0.1245,0.2859,0.1277
2026-04-06 02:38:33,180,5,543.76,132,0,5,0,180,1.8379,13,13,22,14,20,38,12,0.0969,0.0870,0.1890,0.0825,0.1228,0.2965,0.1255
2026-04-06 02:40:21,181,5,-379.71,113,0,5,0,181,1.8379,6,13,23,7,11,38,15,0.0954,0.0864,0.1911,0.0815,0.1225,0.2988,0.1242
2026-04-06 02:42:11,182,5,144.10,117,0,5,0,182,1.8379,8,9,27,10,19,33,11,0.0952,0.0862,0.1913,0.0813,0.1225,0.2996,0.1240
2026-04-06 02:43:50,183,5,-54.47,101,0,5,0,183,1.8379,11,15,15,6,11,28,15,0.0952,0.0862,0.1913,0.0814,0.1224,0.2993,0.1241
2026-04-06 02:45:13,184,5,-511.86,80,0,5,0,184,1.8335,6,5,11,6,14,26,12,0.0953,0.0863,0.1914,0.0815,0.1225,0.2989,0.1241
2026-04-06 02:46:30,185,5,-477.04,63,0,5,0,185,1.8335,3,8,11,3,8,22,8,0.0933,0.0851,0.1941,0.0800,0.1220,0.3031,0.1223
2026-04-06 02:48:00,186,5,-186.58,86,0,5,0,186,1.8335,4,12,14,8,8,27,13,0.0974,0.0894,0.1905,0.0842,0.1243,0.2886,0.1255
2026-04-06 02:49:15,187,5,-493.70,58,0,5,0,187,1.8335,4,6,15,2,4,22,5,0.0934,0.0852,0.1941,0.0800,0.1220,0.3029,0.1224
2026-04-06 02:50:35,188,5,-327.53,71,0,5,0,188,1.8275,8,8,12,8,6,16,13,0.0975,0.0891,0.1904,0.0841,0.1243,0.2891,0.1255
2026-04-06 02:52:07,189,5,-424.22,92,0,5,0,189,1.8275,11,8,15,7,13,25,13,0.0911,0.0837,0.1970,0.0782,0.1211,0.3088,0.1203
2026-04-06 02:53:23,190,5,-278.25,62,0,5,0,190,1.8275,5,4,17,4,7,19,6,0.0947,0.0874,0.1936,0.0820,0.1233,0.2961,0.1229
2026-04-06 02:54:53,191,5,-205.04,86,0,5,0,191,1.8275,7,8,16,9,13,27,6,0.0910,0.0836,0.1970,0.0783,0.1211,0.3087,0.1204
2026-04-06 02:56:19,192,5,-471.06,78,0,5,0,192,1.8190,9,7,22,10,3,23,4,0.0912,0.0837,0.1969,0.0783,0.1211,0.3085,0.1203
2026-04-06 02:57:40,193,5,-29.78,73,0,5,0,193,1.8190,10,3,18,6,7,21,8,0.0883,0.0818,0.1997,0.0760,0.1200,0.3163,0.1179
2026-04-06 02:59:17,194,5,50.97,99,0,5,0,194,1.8190,11,9,19,12,8,28,12,0.0884,0.0818,0.1996,0.0761,0.1200,0.3162,0.1180
2026-04-06 03:00:46,195,5,-157.89,83,0,5,0,195,1.8190,5,9,18,5,14,23,9,0.0883,0.0817,0.2000,0.0760,0.1199,0.3162,0.1179
2026-04-06 03:02:08,196,5,-364.85,74,0,5,0,196,1.8078,10,9,13,5,3,26,8,0.0884,0.0818,0.1999,0.0761,0.1199,0.3160,0.1180
2026-04-06 03:03:22,197,5,-74.99,58,0,4,0,197,1.8078,4,8,11,2,11,13,9,0.0860,0.0795,0.2027,0.0739,0.1186,0.3239,0.1153
2026-04-06 03:05:27,198,5,395.13,149,0,5,0,198,1.8078,12,8,27,16,19,49,18,0.0857,0.0793,0.2027,0.0737,0.1186,0.3248,0.1153
2026-04-06 03:06:50,199,5,-112.77,80,0,5,0,199,1.8078,4,4,12,8,13,32,7,0.0858,0.0793,0.2027,0.0738,0.1186,0.3244,0.1154
2026-04-06 03:08:22,200,5,-352.52,86,0,5,0,200,1.7953,5,6,19,4,13,32,7,0.0858,0.0794,0.2027,0.0738,0.1186,0.3245,0.1153
2026-04-06 03:09:49,201,5,-38.23,76,0,5,0,201,1.7953,4,4,19,7,10,23,9,0.0885,0.0823,0.2005,0.0764,0.1207,0.3148,0.1169
2026-04-06 03:11:01,202,5,-333.00,57,0,5,0,202,1.7953,6,4,12,4,7,18,6,0.0861,0.0797,0.2032,0.0739,0.1188,0.3231,0.1151
2026-04-06 03:12:25,203,5,-50.09,78,0,4,0,203,1.7953,8,4,17,5,7,24,13,0.0847,0.0782,0.2043,0.0724,0.1177,0.3288,0.1139
2026-04-06 03:14:05,204,5,-481.00,98,0,5,0,204,1.7879,6,10,23,3,10,34,12,0.0846,0.0782,0.2043,0.0723,0.1177,0.3289,0.1140
2026-04-06 03:15:26,205,5,-339.07,74,0,5,0,205,1.7879,9,4,16,5,10,26,4,0.0828,0.0764,0.2062,0.0704,0.1163,0.3357,0.1122
2026-04-06 03:16:38,206,5,-474.97,56,0,5,0,206,1.7879,3,3,14,3,7,19,7,0.0829,0.0764,0.2064,0.0704,0.1163,0.3354,0.1122
2026-04-06 03:17:47,207,5,-463.26,49,0,5,0,207,1.7879,3,2,14,5,3,20,2,0.0829,0.0765,0.2063,0.0705,0.1163,0.3354,0.1122
2026-04-06 03:19:17,208,5,-224.53,92,0,5,0,208,1.7782,14,6,15,13,11,25,8,0.0873,0.0808,0.2030,0.0750,0.1193,0.3188,0.1158
2026-04-06 03:21:10,209,5,154.80,130,0,5,0,209,1.7782,8,12,18,10,17,50,15,0.0807,0.0743,0.2082,0.0682,0.1145,0.3438,0.1102
2026-04-06 03:23:11,210,5,314.24,144,0,5,0,210,1.7782,15,9,24,12,16,54,14,0.0857,0.0790,0.2041,0.0729,0.1178,0.3259,0.1145
2026-04-06 03:24:21,211,5,-359.93,55,0,5,0,211,1.7782,5,2,14,5,10,12,7,0.0808,0.0743,0.2086,0.0683,0.1146,0.3432,0.1102
2026-04-06 03:26:20,212,5,310.34,134,0,5,0,212,1.7650,10,15,22,7,17,46,17,0.0807,0.0743,0.2083,0.0682,0.1145,0.3439,0.1102
2026-04-06 03:27:26,213,5,-478.91,46,0,5,0,213,1.7650,4,3,11,3,7,16,2,0.0797,0.0732,0.2094,0.0668,0.1134,0.3482,0.1091
2026-04-06 03:28:59,214,5,-32.57,93,0,5,0,214,1.7650,11,11,17,6,10,24,14,0.0795,0.0730,0.2095,0.0667,0.1133,0.3489,0.1091
2026-04-06 03:30:30,215,5,-285.65,87,0,5,0,215,1.7650,4,3,22,8,11,30,9,0.0796,0.0731,0.2094,0.0668,0.1134,0.3487,0.1090
2026-04-06 03:31:36,216,5,-478.71,45,0,5,0,216,1.7574,7,3,15,2,6,11,1,0.0840,0.0776,0.2057,0.0711,0.1168,0.3323,0.1124
2026-04-06 03:33:16,217,5,-250.50,101,0,5,0,217,1.7574,11,6,26,2,10,37,9,0.0826,0.0759,0.2066,0.0692,0.1152,0.3390,0.1115
2026-04-06 03:34:48,218,5,-145.46,90,0,5,0,218,1.7574,4,6,18,5,14,30,13,0.0780,0.0714,0.2105,0.0648,0.1118,0.3560,0.1074
2026-04-06 03:36:21,219,5,-276.20,94,0,5,0,219,1.7574,7,7,18,11,9,35,7,0.0779,0.0714,0.2107,0.0648,0.1118,0.3560,0.1074
2026-04-06 03:37:45,220,5,-282.09,77,0,5,0,220,1.7462,5,3,17,3,7,33,9,0.0780,0.0714,0.2105,0.0648,0.1119,0.3559,0.1074
2026-04-06 03:39:14,221,5,-463.59,85,0,5,0,221,1.7462,9,9,17,6,9,26,9,0.0760,0.0692,0.2121,0.0626,0.1100,0.3647,0.1054
2026-04-06 03:40:37,222,5,-493.04,80,0,5,0,222,1.7462,8,5,12,7,10,31,7,0.0760,0.0693,0.2119,0.0625,0.1100,0.3649,0.1054
2026-04-06 03:42:10,223,5,-21.81,96,0,5,0,223,1.7462,10,5,18,4,9,33,17,0.0778,0.0710,0.2110,0.0643,0.1114,0.3575,0.1069
2026-04-06 03:43:37,224,5,-471.35,84,0,5,0,224,1.7313,6,6,13,9,9,28,13,0.0760,0.0693,0.2119,0.0626,0.1101,0.3648,0.1054
2026-04-06 03:45:19,225,5,-318.79,100,0,5,0,225,1.7313,3,10,24,6,7,33,17,0.0774,0.0704,0.2106,0.0637,0.1107,0.3608,0.1065
2026-04-06 03:46:47,226,5,123.70,88,0,5,0,226,1.7313,7,4,16,3,14,36,8,0.0734,0.0665,0.2131,0.0597,0.1075,0.3770,0.1028
2026-04-06 03:48:26,227,5,10.72,99,0,5,0,227,1.7313,6,7,22,7,6,44,7,0.0735,0.0665,0.2129,0.0597,0.1075,0.3771,0.1028
2026-04-06 03:50:02,228,5,-9.66,101,0,5,0,228,1.7121,10,7,16,6,15,38,9,0.0782,0.0712,0.2103,0.0644,0.1116,0.3575,0.1069
2026-04-06 03:51:33,229,5,-270.14,88,0,5,0,229,1.7121,8,6,20,3,4,38,9,0.0720,0.0645,0.2116,0.0576,0.1060,0.3873,0.1010
2026-04-06 03:53:16,230,5,-499.53,113,0,5,0,230,1.7121,6,7,16,5,21,44,14,0.0720,0.0646,0.2115,0.0575,0.1061,0.3874,0.1009
2026-04-06 03:54:33,231,5,-469.82,63,0,5,0,231,1.7121,2,5,16,3,5,27,5,0.0764,0.0689,0.2092,0.0618,0.1100,0.3688,0.1048
2026-04-06 03:56:08,232,5,-143.58,91,0,5,0,232,1.6967,6,8,23,6,7,30,11,0.0721,0.0647,0.2116,0.0576,0.1060,0.3869,0.1011
2026-04-06 03:57:41,233,5,-175.06,93,0,5,0,233,1.6967,9,6,18,6,11,38,5,0.0698,0.0618,0.2097,0.0548,0.1040,0.4018,0.0983
2026-04-06 03:59:11,234,5,-334.69,89,0,5,0,234,1.6967,3,4,17,11,8,43,3,0.0741,0.0661,0.2086,0.0590,0.1078,0.3825,0.1019
2026-04-06 04:00:41,235,5,-64.97,84,0,5,0,235,1.6967,2,2,22,5,8,36,9,0.0739,0.0658,0.2077,0.0588,0.1073,0.3839,0.1027
2026-04-06 04:02:09,236,5,-341.20,86,0,5,0,236,1.6756,7,4,18,5,16,30,6,0.0752,0.0670,0.2074,0.0599,0.1087,0.3792,0.1027
2026-04-06 04:03:29,237,5,-488.04,70,0,5,0,237,1.6756,8,6,15,2,4,27,8,0.0722,0.0637,0.2067,0.0566,0.1060,0.3950,0.0998
2026-04-06 04:04:54,238,5,-197.73,80,0,5,0,238,1.6756,6,1,19,4,7,33,10,0.0671,0.0587,0.2081,0.0517,0.1012,0.4183,0.0950
2026-04-06 04:06:09,239,5,59.22,64,0,5,0,239,1.6756,5,2,12,3,7,29,6,0.0671,0.0587,0.2081,0.0517,0.1013,0.4181,0.0950
2026-04-06 04:07:38,240,5,-310.25,76,0,5,0,240,1.6491,2,9,23,3,7,28,4,0.0671,0.0588,0.2082,0.0517,0.1013,0.4180,0.0950
2026-04-06 04:08:50,241,5,-325.48,54,0,5,0,241,1.6491,7,5,15,0,5,19,3,0.0636,0.0550,0.2054,0.0481,0.0978,0.4390,0.0911
2026-04-06 04:10:15,242,5,-219.42,83,0,5,0,242,1.6491,7,3,15,7,3,39,9,0.0636,0.0550,0.2055,0.0481,0.0978,0.4388,0.0911
2026-04-06 04:11:48,243,5,-170.71,97,0,5,0,243,1.6491,6,2,17,3,9,47,13,0.0637,0.0550,0.2056,0.0481,0.0978,0.4386,0.0911
2026-04-06 04:13:10,244,5,-273.04,76,0,5,0,244,1.6146,4,5,11,2,5,37,12,0.0636,0.0550,0.2054,0.0481,0.0977,0.4392,0.0911
2026-04-06 04:14:35,245,5,-235.15,76,0,5,0,245,1.6146,5,4,20,6,8,25,8,0.0597,0.0508,0.2024,0.0442,0.0936,0.4629,0.0863
2026-04-06 04:16:18,246,5,45.58,114,0,5,0,246,1.6146,10,4,21,3,8,64,4,0.0653,0.0562,0.2022,0.0493,0.0989,0.4358,0.0923
2026-04-06 04:18:20,247,5,-74.61,143,0,5,0,247,1.6146,10,9,27,4,14,71,8,0.0598,0.0509,0.2023,0.0443,0.0936,0.4628,0.0864
2026-04-06 04:19:56,248,5,-243.36,100,0,5,0,248,1.5722,6,6,17,6,8,49,8,0.0598,0.0509,0.2025,0.0443,0.0937,0.4624,0.0864
2026-04-06 04:21:35,249,5,67.10,103,0,5,0,249,1.5722,7,5,22,6,11,42,10,0.0580,0.0474,0.1978,0.0406,0.0897,0.4833,0.0830
2026-04-06 04:22:52,250,5,-83.38,64,0,5,0,250,1.5722,4,1,17,5,8,26,3,0.0581,0.0475,0.1980,0.0407,0.0898,0.4828,0.0831
2026-04-06 04:24:23,251,5,-71.60,91,0,5,0,251,1.5722,4,4,18,2,8,40,15,0.0635,0.0527,0.1981,0.0455,0.0953,0.4563,0.0886
2026-04-06 04:25:55,252,5,-486.43,94,0,5,0,252,1.5361,6,5,14,4,9,49,7,0.0581,0.0475,0.1980,0.0407,0.0898,0.4828,0.0831
2026-04-06 04:27:36,253,5,11.40,103,0,5,0,253,1.5361,5,4,27,3,5,50,9,0.0563,0.0439,0.1945,0.0371,0.0853,0.5029,0.0800
2026-04-06 04:28:50,254,5,-324.98,61,0,5,0,254,1.5361,2,4,12,6,4,29,4,0.0562,0.0438,0.1947,0.0370,0.0853,0.5031,0.0799
2026-04-06 04:30:18,255,5,-490.89,84,0,5,0,255,1.5361,6,4,19,4,10,35,6,0.0563,0.0440,0.1949,0.0371,0.0854,0.5023,0.0801
2026-04-06 04:31:37,256,5,3.96,70,0,5,0,256,1.4990,6,2,14,1,5,39,3,0.0562,0.0439,0.1944,0.0371,0.0854,0.5030,0.0800
2026-04-06 04:33:26,257,5,-181.90,123,0,5,0,257,1.4990,5,6,21,2,13,66,10,0.0538,0.0401,0.1899,0.0333,0.0803,0.5262,0.0765
2026-04-06 04:35:08,258,5,-219.65,105,0,5,0,258,1.4990,7,10,21,4,10,47,6,0.0539,0.0401,0.1900,0.0333,0.0803,0.5259,0.0765
2026-04-06 04:36:42,259,5,-30.10,100,0,5,0,259,1.4990,7,3,16,2,10,56,6,0.0539,0.0402,0.1900,0.0334,0.0803,0.5254,0.0768
2026-04-06 04:38:13,260,5,-314.42,90,0,5,0,260,1.4536,9,3,19,3,4,46,6,0.0539,0.0401,0.1900,0.0333,0.0803,0.5258,0.0766
2026-04-06 04:39:46,261,5,-94.03,94,0,5,0,261,1.4536,4,4,19,1,9,54,3,0.0509,0.0363,0.1842,0.0294,0.0750,0.5521,0.0721
2026-04-06 04:41:21,262,5,-495.90,94,0,5,0,262,1.4536,6,4,21,2,5,45,11,0.0509,0.0363,0.1847,0.0295,0.0751,0.5512,0.0722
2026-04-06 04:42:55,263,5,-364.03,97,0,5,0,263,1.4536,5,2,20,6,7,50,7,0.0509,0.0363,0.1843,0.0294,0.0750,0.5519,0.0721
2026-04-06 04:44:25,264,5,102.91,88,0,5,0,264,1.4010,8,5,18,5,6,39,7,0.0571,0.0415,0.1884,0.0341,0.0816,0.5179,0.0794
2026-04-06 04:45:51,265,5,-125.85,79,0,5,0,265,1.4010,1,3,19,1,4,46,5,0.0476,0.0324,0.1777,0.0257,0.0691,0.5801,0.0675
2026-04-06 04:47:27,266,5,474.25,103,0,5,0,266,1.4010,8,4,16,0,8,60,7,0.0477,0.0325,0.1776,0.0257,0.0692,0.5797,0.0676
2026-04-06 04:49:03,267,5,-472.85,101,0,5,0,267,1.4010,5,4,17,3,5,58,9,0.0478,0.0325,0.1779,0.0258,0.0693,0.5791,0.0677
2026-04-06 04:50:34,268,5,326.90,94,0,5,0,268,1.3429,5,1,16,0,5,61,6,0.0538,0.0374,0.1822,0.0297,0.0757,0.5459,0.0750
2026-04-06 04:52:52,269,5,-528.35,172,0,5,0,269,1.3429,11,11,29,4,10,93,14,0.0464,0.0302,0.1728,0.0235,0.0655,0.5963,0.0653
2026-04-06 04:54:32,270,5,609.07,113,0,5,0,270,1.3429,4,1,15,3,7,76,7,0.0465,0.0303,0.1726,0.0235,0.0657,0.5958,0.0655
2026-04-06 04:56:28,271,5,490.22,144,0,5,0,271,1.3429,8,3,17,1,6,96,13,0.0465,0.0303,0.1727,0.0235,0.0656,0.5957,0.0655
2026-04-06 04:57:47,272,5,-475.94,71,0,5,0,272,1.3081,5,0,15,2,4,36,9,0.0493,0.0323,0.1757,0.0252,0.0687,0.5802,0.0686
2026-04-06 04:59:12,273,5,-140.45,79,0,5,0,273,1.3081,2,5,14,2,3,51,2,0.0469,0.0294,0.1694,0.0224,0.0639,0.6028,0.0653
2026-04-06 05:00:46,274,5,-233.15,99,0,5,0,274,1.3081,3,1,17,2,3,66,7,0.0468,0.0292,0.1692,0.0223,0.0638,0.6036,0.0652
2026-04-06 05:02:30,275,5,213.04,110,0,5,0,275,1.3081,4,2,26,1,5,66,6,0.0467,0.0292,0.1691,0.0223,0.0638,0.6039,0.0651
2026-04-06 05:03:47,276,5,-485.58,67,0,5,0,276,1.2935,7,2,15,0,6,30,7,0.0470,0.0294,0.1696,0.0224,0.0640,0.6023,0.0653
2026-04-06 05:05:08,277,5,-326.86,76,0,5,0,277,1.2935,2,0,15,3,5,47,4,0.0484,0.0284,0.1727,0.0215,0.0628,0.6006,0.0656
2026-04-06 05:06:29,278,5,-365.32,78,0,5,0,278,1.2935,3,4,8,2,9,46,6,0.0485,0.0284,0.1728,0.0216,0.0628,0.6002,0.0658
2026-04-06 05:08:08,279,5,-439.29,105,0,5,0,279,1.2935,6,2,22,3,2,64,6,0.0512,0.0303,0.1757,0.0230,0.0658,0.5852,0.0688
2026-04-06 05:09:59,280,5,396.76,128,0,5,0,280,1.2949,3,2,21,3,10,78,11,0.0550,0.0331,0.1794,0.0253,0.0697,0.5644,0.0731
2026-04-06 05:11:38,281,5,31.28,106,0,5,0,281,1.2949,5,3,20,0,6,67,5,0.0566,0.0291,0.1850,0.0216,0.0638,0.5696,0.0743
2026-04-06 05:13:31,282,5,181.18,127,0,5,0,282,1.2949,7,8,23,2,5,77,5,0.0599,0.0313,0.1878,0.0233,0.0670,0.5529,0.0778
2026-04-06 05:15:02,283,5,-115.22,97,0,5,0,283,1.2949,4,1,14,3,5,63,7,0.0567,0.0291,0.1850,0.0216,0.0638,0.5693,0.0744
2026-04-06 05:17:09,284,5,-17.91,157,0,5,0,284,1.3523,9,2,28,3,4,98,13,0.0566,0.0291,0.1848,0.0216,0.0639,0.5697,0.0743
2026-04-06 05:19:11,285,5,170.70,137,0,5,0,285,1.3523,5,6,32,2,8,74,10,0.0734,0.0348,0.1999,0.0254,0.0710,0.5038,0.0917
2026-04-06 05:20:30,286,5,-120.38,69,0,5,0,286,1.3523,4,3,14,4,3,35,6,0.0674,0.0306,0.1971,0.0222,0.0659,0.5316,0.0853
2026-04-06 05:22:02,287,5,-362.12,97,0,5,0,287,1.3523,7,3,15,2,7,58,5,0.0731,0.0346,0.1993,0.0252,0.0707,0.5056,0.0916
2026-04-06 05:23:25,288,5,-201.31,73,0,5,0,288,1.4206,3,3,19,2,4,33,9,0.0675,0.0306,0.1973,0.0222,0.0659,0.5311,0.0854
2026-04-06 05:24:43,289,5,-166.76,66,0,4,0,289,1.4206,4,2,15,8,3,25,9,0.0804,0.0324,0.2084,0.0231,0.0686,0.4895,0.0977
2026-04-06 05:26:18,290,5,-50.54,101,0,5,0,290,1.4206,5,3,14,3,9,58,9,0.0836,0.0345,0.2100,0.0247,0.0713,0.4751,0.1008
2026-04-06 05:27:41,291,5,-436.14,83,0,5,0,291,1.4206,8,2,13,3,9,36,12,0.0806,0.0325,0.2082,0.0232,0.0688,0.4884,0.0982
2026-04-06 05:29:15,292,5,26.45,93,0,5,0,292,1.4915,4,5,20,3,9,47,5,0.0806,0.0325,0.2080,0.0232,0.0688,0.4889,0.0980
2026-04-06 05:30:46,293,5,-292.67,92,0,5,0,293,1.4915,7,2,20,0,7,49,7,0.0951,0.0347,0.2139,0.0242,0.0721,0.4497,0.1103
2026-04-06 05:32:34,294,5,-201.57,130,0,5,0,294,1.4915,13,4,19,3,11,61,19,0.0948,0.0345,0.2140,0.0241,0.0720,0.4506,0.1101
2026-04-06 05:34:09,295,5,-103.23,101,0,5,0,295,1.4915,15,4,19,4,6,40,13,0.1010,0.0399,0.2125,0.0280,0.0780,0.4237,0.1169
2026-04-06 05:35:35,296,5,-473.00,82,0,5,0,296,1.5535,8,1,21,1,4,39,8,0.0950,0.0347,0.2141,0.0242,0.0721,0.4498,0.1102
2026-04-06 05:37:03,297,5,297.63,85,0,5,0,297,1.5535,11,3,22,2,3,34,10,0.1070,0.0356,0.2135,0.0245,0.0741,0.4234,0.1219
2026-04-06 05:38:32,298,5,-287.55,86,0,5,0,298,1.5535,7,2,20,1,5,40,11,0.1071,0.0356,0.2135,0.0245,0.0741,0.4232,0.1219
2026-04-06 05:40:05,299,5,121.43,92,0,5,0,299,1.5535,8,2,24,1,6,43,8,0.1070,0.0356,0.2136,0.0245,0.0742,0.4231,0.1220
2026-04-06 05:41:20,300,5,-273.83,64,0,5,0,300,1.5934,6,0,15,1,8,27,7,0.1070,0.0356,0.2137,0.0244,0.0742,0.4232,0.1218
2026-04-06 05:43:12,301,5,-51.85,139,0,5,0,301,1.5934,17,4,17,6,7,71,17,0.1248,0.0422,0.2106,0.0292,0.0819,0.3728,0.1386
2026-04-06 05:45:04,302,5,10.53,124,0,5,0,302,1.5934,18,10,28,5,7,39,17,0.1201,0.0371,0.2120,0.0251,0.0767,0.3953,0.1338
2026-04-06 05:46:29,303,5,-304.25,86,0,5,0,303,1.5934,12,2,15,1,7,37,12,0.1238,0.0413,0.2104,0.0284,0.0808,0.3777,0.1376
2026-04-06 05:48:08,304,5,699.24,105,0,5,0,304,1.6321,13,3,23,3,12,37,14,0.1199,0.0370,0.2119,0.0251,0.0768,0.3956,0.1336
2026-04-06 05:49:42,305,5,-277.67,98,0,5,0,305,1.6321,12,5,17,1,12,35,16,0.1351,0.0407,0.2092,0.0276,0.0815,0.3588,0.1470
2026-04-06 05:51:24,306,5,382.55,107,0,5,0,306,1.6321,7,4,24,2,8,44,18,0.1334,0.0388,0.2097,0.0261,0.0795,0.3669,0.1456
2026-04-06 05:53:05,307,5,-154.21,108,0,5,0,307,1.6321,13,5,25,2,8,38,17,0.1365,0.0431,0.2081,0.0296,0.0837,0.3504,0.1485
2026-04-06 05:54:21,308,5,-319.47,57,0,5,0,308,1.6682,5,3,20,3,5,16,5,0.1333,0.0388,0.2098,0.0261,0.0794,0.3669,0.1456
2026-04-06 05:55:53,309,5,182.24,100,0,5,0,309,1.6682,20,4,17,2,6,39,12,0.1457,0.0408,0.2053,0.0274,0.0823,0.3421,0.1564
2026-04-06 05:57:28,310,5,-122.87,104,0,5,0,310,1.6682,18,4,16,1,13,35,17,0.1456,0.0409,0.2052,0.0274,0.0823,0.3421,0.1566
2026-04-06 05:59:21,311,5,-190.37,132,0,5,0,311,1.6682,19,11,22,5,6,46,23,0.1483,0.0459,0.2033,0.0314,0.0869,0.3250,0.1593
2026-04-06 06:01:02,312,5,-470.18,104,0,5,0,312,1.6982,14,6,26,3,7,29,19,0.1458,0.0408,0.2053,0.0273,0.0823,0.3421,0.1565
2026-04-06 06:02:28,313,5,-20.04,81,0,5,0,313,1.6982,15,4,24,2,1,26,9,0.1559,0.0432,0.1995,0.0288,0.0855,0.3210,0.1660
2026-04-06 06:04:15,314,5,-304.37,118,0,5,0,314,1.6982,14,4,25,5,11,33,26,0.1571,0.0478,0.1971,0.0324,0.0894,0.3090,0.1673
2026-04-06 06:05:43,315,5,-500.88,95,0,5,0,315,1.6982,15,5,13,10,7,21,24,0.1561,0.0430,0.1995,0.0286,0.0854,0.3214,0.1659
2026-04-06 06:07:08,316,5,-353.08,81,0,5,0,316,1.7226,10,2,19,2,11,21,16,0.1561,0.0431,0.1994,0.0287,0.0855,0.3214,0.1659
2026-04-06 06:08:23,317,5,-471.40,58,0,5,0,317,1.7226,7,5,18,3,3,14,8,0.1651,0.0446,0.1940,0.0294,0.0876,0.3063,0.1730
2026-04-06 06:09:49,318,5,-347.13,84,0,5,0,318,1.7226,12,6,14,6,8,20,18,0.1650,0.0447,0.1939,0.0295,0.0878,0.3063,0.1728
2026-04-06 06:11:11,319,5,-128.58,81,0,5,0,319,1.7226,19,3,15,2,6,21,15,0.1650,0.0447,0.1939,0.0295,0.0878,0.3063,0.1728
2026-04-06 06:13:03,320,5,13.35,131,0,5,0,320,1.7377,20,6,27,6,11,45,16,0.1649,0.0446,0.1938,0.0294,0.0878,0.3066,0.1728
2026-04-06 06:14:39,321,5,-504.14,100,0,5,0,321,1.7377,12,5,20,2,10,32,19,0.1732,0.0496,0.1817,0.0322,0.0931,0.2941,0.1761
2026-04-06 06:16:01,322,5,57.47,79,0,5,0,322,1.7377,13,3,16,2,7,24,14,0.1731,0.0456,0.1829,0.0292,0.0900,0.3042,0.1751
2026-04-06 06:18:00,323,5,-8.56,135,0,5,0,323,1.7377,12,8,30,3,13,32,37,0.1732,0.0457,0.1825,0.0292,0.0900,0.3043,0.1751
2026-04-06 06:19:26,324,5,-242.38,90,0,5,0,324,1.7427,18,2,14,2,8,31,15,0.1728,0.0507,0.1814,0.0330,0.0942,0.2921,0.1759
2026-04-06 06:20:53,325,5,-53.15,80,0,5,0,325,1.7427,12,7,20,3,6,20,12,0.1858,0.0461,0.1756,0.0297,0.0938,0.2881,0.1809
2026-04-06 06:22:21,326,5,-229.14,88,0,5,0,326,1.7427,16,9,15,3,8,24,13,0.1844,0.0518,0.1747,0.0343,0.0980,0.2755,0.1813
2026-04-06 06:24:24,327,5,189.37,157,0,5,0,327,1.7427,25,6,23,7,21,48,27,0.1860,0.0463,0.1755,0.0298,0.0939,0.2875,0.1810
2026-04-06 06:25:52,328,5,-301.86,94,0,5,0,328,1.7554,17,2,15,3,13,23,21,0.1859,0.0464,0.1757,0.0299,0.0940,0.2874,0.1808
2026-04-06 06:27:14,329,5,-490.68,79,0,5,0,329,1.7554,10,0,15,0,11,31,12,0.1975,0.0471,0.1682,0.0307,0.0978,0.2731,0.1856
2026-04-06 06:28:32,330,5,-473.79,71,0,5,0,330,1.7554,18,4,17,4,8,13,7,0.1950,0.0514,0.1679,0.0341,0.1009,0.2651,0.1855
2026-04-06 06:30:04,331,5,112.01,109,0,5,0,331,1.7554,27,3,11,3,14,26,25,0.1974,0.0471,0.1683,0.0307,0.0978,0.2733,0.1855
2026-04-06 06:31:47,332,5,-239.32,121,0,5,0,332,1.7660,26,5,19,5,12,25,29,0.1951,0.0517,0.1683,0.0342,0.1007,0.2652,0.1848
2026-04-06 06:33:12,333,5,-470.21,81,0,5,0,333,1.7660,14,7,17,2,11,17,13,0.2088,0.0475,0.1609,0.0310,0.1003,0.2613,0.1901
2026-04-06 06:34:46,334,5,-187.08,104,0,5,0,334,1.7660,27,6,16,4,9,26,16,0.2077,0.0494,0.1616,0.0325,0.1017,0.2575,0.1896
2026-04-06 06:36:07,335,5,-417.55,84,0,5,0,335,1.7660,21,3,12,1,8,24,15,0.2054,0.0516,0.1612,0.0342,0.1032,0.2546,0.1898
2026-04-06 06:37:26,336,5,-371.91,74,0,5,0,336,1.7712,15,5,12,3,10,17,12,0.2089,0.0475,0.1608,0.0310,0.1004,0.2614,0.1900
2026-04-06 06:39:52,337,5,353.97,210,0,5,0,337,1.7712,53,7,28,3,21,51,47,0.2201,0.0473,0.1539,0.0309,0.1018,0.2517,0.1944
2026-04-06 06:41:24,338,5,147.34,100,0,5,0,338,1.7712,20,4,16,3,10,28,19,0.2156,0.0523,0.1551,0.0350,0.1052,0.2437,0.1930
2026-04-06 06:42:39,339,5,-193.93,70,0,5,0,339,1.7712,14,3,12,2,11,11,17,0.2204,0.0472,0.1538,0.0309,0.1018,0.2516,0.1943
2026-04-06 06:43:48,340,5,-434.79,61,0,5,0,340,1.7715,15,3,7,2,8,11,15,0.2186,0.0494,0.1547,0.0326,0.1034,0.2475,0.1937
2026-04-06 06:45:16,341,5,-0.78,99,0,5,0,341,1.7715,21,1,11,2,10,24,30,0.2298,0.0476,0.1479,0.0311,0.1037,0.2428,0.1972
2026-04-06 06:46:26,342,5,-358.99,57,0,5,0,342,1.7715,12,2,13,3,6,10,11,0.2296,0.0476,0.1477,0.0312,0.1036,0.2428,0.1974
2026-04-06 06:48:02,343,5,-90.98,108,0,5,0,343,1.7715,20,3,18,5,11,32,19,0.2241,0.0525,0.1498,0.0352,0.1070,0.2362,0.1951
2026-04-06 06:49:27,344,5,-302.60,86,0,5,0,344,1.7728,19,0,20,2,11,16,18,0.2276,0.0496,0.1487,0.0329,0.1051,0.2395,0.1966
2026-04-06 06:50:42,345,5,-483.81,66,0,5,0,345,1.7728,15,3,13,2,5,14,14,0.2386,0.0501,0.1295,0.0319,0.1068,0.2489,0.1942
2026-04-06 06:52:04,346,5,-120.10,86,0,5,0,346,1.7728,23,5,11,1,10,20,16,0.2406,0.0480,0.1281,0.0302,0.1054,0.2527,0.1950
2026-04-06 06:53:53,347,5,58.58,139,0,5,0,347,1.7728,27,2,15,7,21,41,26,0.2384,0.0501,0.1294,0.0319,0.1067,0.2490,0.1944
2026-04-06 06:55:40,348,5,-117.67,129,0,5,0,348,1.7616,27,3,23,1,11,36,28,0.2343,0.0523,0.1302,0.0336,0.1083,0.2469,0.1944
2026-04-06 06:57:58,349,5,512.30,197,0,5,0,349,1.7616,40,8,18,6,18,72,35,0.2379,0.0545,0.1158,0.0339,0.1116,0.2557,0.1907
2026-04-06 06:59:30,350,5,-345.02,103,0,5,0,350,1.7616,29,7,14,2,8,24,19,0.2457,0.0491,0.1120,0.0296,0.1084,0.2642,0.1910
2026-04-06 07:01:36,351,5,-213.81,180,0,5,0,351,1.7616,43,4,15,10,19,46,43,0.2457,0.0489,0.1119,0.0295,0.1083,0.2646,0.1910
2026-04-06 07:03:33,352,5,237.01,154,0,5,0,352,1.7511,35,5,15,5,29,38,27,0.2404,0.0530,0.1156,0.0327,0.1110,0.2572,0.1902
2026-04-06 07:05:20,353,5,-196.68,136,0,5,0,353,1.7511,23,4,11,4,16,49,29,0.2481,0.0503,0.0996,0.0293,0.1116,0.2746,0.1864
2026-04-06 07:06:54,354,5,-452.22,119,0,5,0,354,1.7511,34,4,7,7,15,25,27,0.2484,0.0503,0.0997,0.0293,0.1115,0.2743,0.1866
2026-04-06 07:08:51,355,5,-196.48,149,0,5,0,355,1.7511,31,7,19,2,19,50,21,0.2485,0.0503,0.0997,0.0293,0.1115,0.2742,0.1864
2026-04-06 07:10:18,356,5,88.09,90,0,5,0,356,1.7426,18,8,11,0,12,28,13,0.2482,0.0503,0.0996,0.0293,0.1115,0.2746,0.1864
2026-04-06 07:11:33,357,5,-317.31,69,0,5,0,357,1.7426,17,4,11,0,8,20,9,0.2411,0.0522,0.0898,0.0291,0.1178,0.2897,0.1802
2026-04-06 07:13:42,358,5,737.39,181,0,5,0,358,1.7426,41,4,21,13,23,48,31,0.2350,0.0569,0.0939,0.0324,0.1203,0.2806,0.1809
2026-04-06 07:16:03,359,5,252.23,202,0,5,0,359,1.7426,50,12,18,8,21,46,47,0.2349,0.0577,0.0947,0.0332,0.1207,0.2781,0.1807
2026-04-06 07:17:40,360,5,-533.00,116,0,5,0,360,1.7369,35,4,15,6,13,26,17,0.2412,0.0523,0.0900,0.0291,0.1177,0.2895,0.1803
2026-04-06 07:19:12,361,5,-192.99,105,0,5,0,361,1.7369,25,13,6,3,15,28,15,0.2299,0.0588,0.0870,0.0325,0.1258,0.2908,0.1753
2026-04-06 07:21:35,362,5,287.12,208,0,5,0,362,1.7369,51,8,20,4,25,64,36,0.2333,0.0546,0.0828,0.0293,0.1236,0.3015,0.1749
2026-04-06 07:23:24,363,5,-211.72,140,0,5,0,363,1.7369,24,2,14,3,18,50,29,0.2286,0.0600,0.0877,0.0333,0.1263,0.2883,0.1758
2026-04-06 07:24:50,364,5,-115.69,96,0,5,0,364,1.7334,25,6,6,4,12,29,14,0.2335,0.0546,0.0827,0.0293,0.1236,0.3013,0.1749
2026-04-06 07:27:02,365,5,510.37,179,0,5,0,365,1.7334,33,10,17,6,29,61,23,0.2233,0.0615,0.0815,0.0331,0.1305,0.2987,0.1714
2026-04-06 07:29:01,366,5,356.36,157,0,5,0,366,1.7334,36,13,11,4,16,51,26,0.2269,0.0571,0.0776,0.0299,0.1289,0.3089,0.1708
2026-04-06 07:31:01,367,5,41.40,164,0,5,0,367,1.7334,36,12,8,5,18,50,35,0.2229,0.0619,0.0818,0.0334,0.1309,0.2978,0.1713
2026-04-06 07:33:03,368,5,429.25,167,0,5,0,368,1.7323,40,11,12,5,17,49,33,0.2220,0.0622,0.0823,0.0335,0.1311,0.2969,0.1719
2026-04-06 07:34:42,369,5,-449.45,125,0,5,0,369,1.7323,32,7,6,2,13,42,23,0.2160,0.0653,0.0790,0.0348,0.1361,0.3006,0.1683
2026-04-06 07:36:19,370,5,88.07,114,0,5,0,370,1.7323,23,5,11,4,15,36,20,0.2204,0.0598,0.0739,0.0307,0.1338,0.3145,0.1669
2026-04-06 07:37:59,371,5,-237.20,119,0,5,0,371,1.7323,26,6,14,3,14,35,21,0.2170,0.0645,0.0782,0.0342,0.1354,0.3023,0.1684
2026-04-06 07:40:16,372,5,603.26,196,0,5,0,372,1.7342,49,16,12,4,21,59,35,0.2203,0.0599,0.0740,0.0308,0.1340,0.3141,0.1669
2026-04-06 07:41:57,373,5,-179.54,122,0,5,0,373,1.7342,27,11,10,4,13,39,18,0.2124,0.0679,0.0765,0.0358,0.1404,0.3023,0.1648
2026-04-06 07:43:45,374,5,-518.59,134,0,5,0,374,1.7342,27,11,12,6,20,37,21,0.2120,0.0680,0.0764,0.0359,0.1398,0.3020,0.1658
2026-04-06 07:45:30,375,5,-107.72,135,0,5,0,375,1.7342,33,7,9,8,22,34,22,0.2151,0.0630,0.0720,0.0322,0.1387,0.3150,0.1640
2026-04-06 07:47:16,376,5,-483.54,137,0,5,0,376,1.7398,30,6,8,6,18,50,19,0.2155,0.0631,0.0720,0.0322,0.1386,0.3145,0.1641
2026-04-06 07:49:34,377,5,478.23,195,0,5,0,377,1.7398,39,14,13,7,26,67,29,0.2114,0.0652,0.0699,0.0331,0.1421,0.3159,0.1624
2026-04-06 07:51:04,378,5,-369.38,92,0,5,0,378,1.7398,13,12,9,4,9,32,13,0.2118,0.0652,0.0698,0.0330,0.1422,0.3157,0.1623
2026-04-06 07:52:43,379,5,-206.22,125,0,5,0,379,1.7398,29,8,4,6,24,38,16,0.2118,0.0653,0.0700,0.0331,0.1421,0.3154,0.1623
2026-04-06 07:54:29,380,5,-521.46,146,0,5,0,380,1.7424,45,3,10,1,19,44,24,0.2084,0.0707,0.0750,0.0374,0.1439,0.3017,0.1629
2026-04-06 07:56:05,381,5,-42.28,110,0,5,0,381,1.7424,22,10,10,5,15,29,19,0.2060,0.0679,0.0688,0.0343,0.1470,0.3162,0.1597
2026-04-06 07:57:53,382,5,-313.52,140,0,5,0,382,1.7424,38,13,8,6,16,41,18,0.2055,0.0696,0.0705,0.0357,0.1474,0.3109,0.1603
2026-04-06 08:00:02,383,5,286.00,175,0,5,0,383,1.7424,31,11,13,12,18,54,36,0.2060,0.0678,0.0689,0.0343,0.1468,0.3163,0.1599
2026-04-06 08:02:35,384,5,883.59,228,0,5,0,384,1.7472,50,17,15,5,33,81,27,0.2058,0.0678,0.0688,0.0342,0.1470,0.3166,0.1597
2026-04-06 08:04:12,385,5,77.54,118,0,5,0,385,1.7472,24,7,5,4,18,44,16,0.2008,0.0707,0.0687,0.0358,0.1515,0.3149,0.1577
2026-04-06 08:05:54,386,5,-161.35,125,0,5,0,386,1.7472,27,8,10,6,18,36,20,0.2010,0.0708,0.0687,0.0358,0.1515,0.3146,0.1576
2026-04-06 08:07:25,387,5,-239.47,105,0,5,0,387,1.7472,19,6,7,5,14,33,21,0.1989,0.0753,0.0728,0.0395,0.1522,0.3021,0.1592
2026-04-06 08:08:53,388,5,-341.42,105,0,5,0,388,1.7544,27,9,0,3,16,33,17,0.2010,0.0706,0.0687,0.0358,0.1516,0.3147,0.1575
2026-04-06 08:10:45,389,5,-104.18,138,0,5,0,389,1.7544,28,12,14,7,19,30,28,0.2007,0.0721,0.0681,0.0368,0.1564,0.3137,0.1523
2026-04-06 08:12:55,390,5,-83.93,184,0,5,0,390,1.7544,36,11,8,7,26,65,31,0.2007,0.0721,0.0681,0.0368,0.1564,0.3138,0.1521
2026-04-06 08:14:44,391,5,89.96,141,0,5,0,391,1.7544,31,9,9,8,23,40,21,0.2004,0.0720,0.0681,0.0368,0.1564,0.3140,0.1523
2026-04-06 08:16:50,392,5,981.29,173,0,5,0,392,1.7573,39,11,13,3,25,59,23,0.2003,0.0721,0.0681,0.0368,0.1564,0.3139,0.1523
2026-04-06 08:19:18,393,5,245.34,208,0,5,0,393,1.7573,27,14,15,9,34,72,37,0.1977,0.0783,0.0722,0.0421,0.1604,0.2989,0.1505
2026-04-06 08:20:47,394,5,595.35,100,0,5,0,394,1.7573,17,6,6,5,22,28,16,0.1998,0.0739,0.0682,0.0382,0.1607,0.3113,0.1480
2026-04-06 08:22:39,395,5,-74.33,150,0,5,0,395,1.7573,31,9,5,4,23,59,19,0.2000,0.0740,0.0683,0.0383,0.1604,0.3108,0.1483
2026-04-06 08:24:01,396,5,-371.52,85,0,5,0,396,1.7627,17,6,5,2,13,28,14,0.2001,0.0738,0.0682,0.0381,0.1605,0.3112,0.1480
2026-04-06 08:25:50,397,5,-252.99,143,0,5,0,397,1.7627,28,10,5,6,21,50,23,0.1975,0.0803,0.0728,0.0435,0.1639,0.2953,0.1467
2026-04-06 08:27:06,398,5,-424.07,72,0,5,0,398,1.7627,14,8,4,1,15,23,7,0.1968,0.0812,0.0738,0.0446,0.1639,0.2921,0.1477
2026-04-06 08:28:42,399,5,-235.15,110,0,5,0,399,1.7627,18,11,7,4,17,44,9,0.1983,0.0779,0.0708,0.0416,0.1646,0.3008,0.1459
2026-04-06 08:30:59,400,5,977.57,187,0,5,0,400,1.7704,38,18,14,9,31,57,20,0.1987,0.0759,0.0689,0.0399,0.1645,0.3070,0.1450
2026-04-06 08:33:33,401,5,-19.52,222,0,5,0,401,1.7704,40,11,21,7,42,62,39,0.1983,0.0785,0.0705,0.0422,0.1680,0.2997,0.1428
2026-04-06 08:36:06,402,5,65.13,218,0,5,0,402,1.7704,40,17,19,9,35,68,30,0.1966,0.0822,0.0739,0.0456,0.1670,0.2894,0.1453
2026-04-06 08:38:10,403,5,449.67,172,0,5,0,403,1.7704,38,16,8,4,26,51,29,0.1964,0.0824,0.0740,0.0457,0.1672,0.2898,0.1444
2026-04-06 08:39:43,404,5,-287.90,110,0,5,0,404,1.7804,24,6,7,8,13,30,22,0.1984,0.0786,0.0705,0.0422,0.1681,0.2995,0.1426
2026-04-06 08:41:40,405,5,-161.43,152,0,5,0,405,1.7804,30,12,10,8,33,46,13,0.1971,0.0815,0.0726,0.0449,0.1711,0.2919,0.1410
2026-04-06 08:43:19,406,5,-355.73,112,0,5,0,406,1.7804,20,16,6,3,16,33,18,0.1973,0.0815,0.0726,0.0449,0.1711,0.2917,0.1409
2026-04-06 08:45:16,407,5,-328.14,148,0,5,0,407,1.7804,27,18,9,7,21,49,17,0.1952,0.0850,0.0759,0.0481,0.1703,0.2825,0.1430
2026-04-06 08:46:37,408,5,-452.32,81,0,5,0,408,1.7920,14,8,7,5,16,16,15,0.1954,0.0856,0.0765,0.0487,0.1703,0.2810,0.1425
2026-04-06 08:48:08,409,5,-238.41,106,0,5,0,409,1.7920,19,7,4,4,24,29,19,0.1963,0.0833,0.0737,0.0466,0.1738,0.2871,0.1392
2026-04-06 08:49:56,410,5,26.14,137,0,5,0,410,1.7920,31,11,9,6,21,38,21,0.1954,0.0851,0.0754,0.0484,0.1735,0.2821,0.1401
2026-04-06 08:51:30,411,5,113.50,96,0,5,0,411,1.7920,12,13,12,7,19,26,7,0.1962,0.0834,0.0738,0.0467,0.1738,0.2868,0.1393
2026-04-06 08:53:34,412,5,225.36,160,0,5,0,412,1.7994,36,19,14,6,21,45,19,0.1955,0.0851,0.0754,0.0484,0.1733,0.2822,0.1400
2026-04-06 08:55:19,413,5,193.45,128,0,5,0,413,1.7994,26,11,9,5,31,30,16,0.1926,0.0891,0.0786,0.0521,0.1751,0.2729,0.1394
2026-04-06 08:56:39,414,5,-101.62,79,0,5,0,414,1.7994,16,8,7,5,15,18,10,0.1946,0.0857,0.0756,0.0489,0.1763,0.2816,0.1374
2026-04-06 08:58:03,415,5,-338.57,86,0,5,0,415,1.7994,20,10,9,2,12,21,12,0.1941,0.0872,0.0771,0.0505,0.1756,0.2772,0.1382
2026-04-06 08:59:45,416,5,92.12,117,0,5,0,416,1.8079,23,13,13,6,17,32,13,0.1946,0.0857,0.0755,0.0490,0.1762,0.2815,0.1374
2026-04-06 09:09:45,417,5,-218.17,69,0,5,0,417,0.0000,17,9,11,3,7,14,8,0.1920,0.0882,0.0774,0.0513,0.1786,0.2767,0.1357
2026-04-06 09:11:11,418,5,-163.41,88,0,5,0,418,0.0000,16,13,3,8,11,23,14,0.1900,0.0916,0.0807,0.0546,0.1767,0.2684,0.1379
2026-04-06 09:12:49,419,5,-392.22,117,0,5,0,419,0.0000,24,10,8,5,21,31,18,0.1901,0.0921,0.0813,0.0554,0.1768,0.2667,0.1376
2026-04-06 09:14:19,420,6,-90.80,88,0,4,0,420,1.8167,15,6,8,8,15,25,11,0.1911,0.0901,0.0794,0.0536,0.1776,0.2709,0.1373
2026-04-06 09:15:48,421,5,102.35,101,0,4,0,421,1.8167,27,6,9,3,18,22,16,0.1891,0.0909,0.0796,0.0542,0.1798,0.2712,0.1352
2026-04-06 09:18:03,jj,5,332.20,195,0,5,0,422,1.8167,41,13,14,13,29,51,34,0.1893,0.0897,0.0785,0.0529,0.1803,0.2748,0.1344
2026-04-06 09:22:50,421,5,-7.02,102,0,5,0,421,0.0000,19,8,9,3,26,30,7,0.1877,0.0930,0.0815,0.0560,0.1789,0.2666,0.1364
2026-04-06 09:24:18,422,5,49.42,88,0,5,0,422,0.0000,9,12,6,9,17,22,13,0.1894,0.0898,0.0785,0.0529,0.1803,0.2746,0.1344
2026-04-06 09:26:18,423,5,-378.61,153,0,5,0,423,0.0000,23,12,10,12,28,49,19,0.1896,0.0900,0.0785,0.0529,0.1804,0.2742,0.1343
2026-04-06 09:27:34,424,5,-483.99,72,0,5,0,424,1.8211,14,5,6,5,12,22,8,0.1878,0.0937,0.0819,0.0568,0.1781,0.2650,0.1368
2026-04-06 09:29:13,425,5,-266.74,105,0,5,0,425,1.8211,14,18,11,9,24,22,7,0.1872,0.0922,0.0805,0.0555,0.1812,0.2699,0.1336
2026-04-06 09:30:51,426,5,-252.22,116,0,5,0,426,1.8211,24,12,6,8,18,25,23,0.1878,0.0909,0.0790,0.0539,0.1818,0.2737,0.1329
2026-04-06 09:33:11,427,5,204.31,190,0,5,0,427,1.8211,33,17,15,15,28,52,30,0.1858,0.0947,0.0824,0.0577,0.1795,0.2646,0.1353
2026-04-06 09:34:55,428,5,-316.31,128,0,5,0,428,1.8233,24,10,9,8,21,34,22,0.1878,0.0910,0.0791,0.0540,0.1819,0.2735,0.1327
2026-04-06 09:36:20,429,5,-378.47,87,0,5,0,429,1.8233,15,7,10,5,18,24,8,0.1858,0.0911,0.0789,0.0542,0.1842,0.2739,0.1318
2026-04-06 09:38:21,430,5,616.26,153,0,5,0,430,1.8233,30,11,19,7,32,36,18,0.1856,0.0910,0.0789,0.0542,0.1841,0.2743,0.1319
2026-04-06 09:39:51,431,5,-153.65,101,0,5,0,431,1.8233,20,11,4,7,16,32,11,0.1840,0.0942,0.0823,0.0578,0.1820,0.2656,0.1341
2026-04-06 09:41:47,432,5,64.82,153,0,5,0,432,1.8233,26,11,7,5,29,50,25,0.1843,0.0947,0.0824,0.0579,0.1822,0.2649,0.1336
2026-04-06 09:43:18,433,5,-150.72,99,0,5,0,433,1.8233,17,11,6,4,14,29,18,0.1839,0.0914,0.0793,0.0549,0.1861,0.2729,0.1314
2026-04-06 09:44:35,434,5,12.29,77,0,5,0,434,1.8233,15,8,3,1,12,25,13,0.1840,0.0914,0.0792,0.0548,0.1861,0.2732,0.1314
2026-04-06 09:46:04,435,5,-172.55,97,0,5,0,435,1.8233,13,3,10,7,18,31,15,0.1839,0.0915,0.0793,0.0549,0.1861,0.2730,0.1313
2026-04-06 09:47:54,436,5,-6.69,137,0,5,0,436,1.8249,34,13,13,9,19,28,21,0.1829,0.0946,0.0825,0.0582,0.1837,0.2648,0.1333
2026-04-06 09:49:16,437,5,-70.34,81,0,5,0,437,1.8249,23,10,9,2,8,20,9,0.1793,0.0928,0.0787,0.0542,0.1870,0.2783,0.1297
2026-04-06 09:51:28,438,5,182.34,177,0,5,0,438,1.8249,29,12,15,9,39,46,27,0.1781,0.0957,0.0818,0.0576,0.1846,0.2704,0.1318
2026-04-06 09:53:37,439,5,-119.43,166,0,5,0,439,1.8249,27,21,12,7,33,49,17,0.1793,0.0927,0.0788,0.0543,0.1868,0.2783,0.1298
2026-04-06 09:55:50,440,5,-168.55,181,0,5,0,440,1.8217,39,16,15,14,33,44,20,0.1782,0.0965,0.0826,0.0585,0.1841,0.2677,0.1325
2026-04-06 09:57:09,441,5,-397.56,79,0,5,0,441,1.8217,15,7,5,0,13,27,12,0.1755,0.0944,0.0788,0.0542,0.1881,0.2807,0.1283
2026-04-06 09:59:08,442,5,-54.22,152,0,5,0,442,1.8217,28,14,12,6,28,43,21,0.1750,0.0957,0.0802,0.0557,0.1874,0.2769,0.1291
2026-04-06 10:01:16,443,5,176.95,172,0,5,0,443,1.8217,29,15,11,8,35,51,23,0.1740,0.0979,0.0824,0.0581,0.1857,0.2710,0.1308
2026-04-06 10:03:03,444,5,-443.72,118,0,5,0,444,1.8207,15,11,19,9,19,32,13,0.1745,0.0981,0.0825,0.0584,0.1854,0.2703,0.1309
2026-04-06 10:04:57,445,5,-120.48,150,0,5,0,445,1.8207,30,10,8,5,35,43,19,0.1717,0.0967,0.0799,0.0552,0.1889,0.2802,0.1274
2026-04-06 10:07:16,446,5,502.34,182,0,5,0,446,1.8207,23,20,14,6,36,57,26,0.1708,0.0986,0.0816,0.0573,0.1875,0.2752,0.1290
2026-04-06 10:08:30,447,5,-325.99,65,0,5,0,447,1.8207,9,11,5,2,8,23,7,0.1717,0.0955,0.0785,0.0538,0.1899,0.2841,0.1265
2026-04-06 10:10:17,448,5,-383.18,129,0,5,0,448,1.8187,17,12,7,6,29,42,16,0.1719,0.0954,0.0785,0.0538,0.1899,0.2840,0.1266
2026-04-06 10:12:39,449,5,845.02,197,0,5,0,449,1.8187,38,14,16,15,27,61,26,0.1689,0.0976,0.0792,0.0545,0.1908,0.2824,0.1266
2026-04-06 10:13:56,450,5,-386.80,69,0,5,0,450,1.8187,9,12,4,3,16,17,8,0.1692,0.0976,0.0792,0.0545,0.1909,0.2820,0.1264
2026-04-06 10:15:18,451,5,-191.37,81,0,5,0,451,1.8187,11,11,5,2,13,28,11,0.1692,0.0976,0.0792,0.0545,0.1909,0.2820,0.1265
2026-04-06 10:17:25,452,5,395.28,168,0,5,0,452,1.8222,28,13,12,6,35,60,14,0.1689,0.0975,0.0793,0.0545,0.1909,0.2824,0.1265
2026-04-06 10:19:15,453,5,270.88,138,0,5,0,453,1.8222,29,14,10,6,19,39,21,0.1666,0.0996,0.0806,0.0557,0.1912,0.2792,0.1271
2026-04-06 10:20:46,454,5,-389.84,95,0,5,0,454,1.8222,11,12,8,7,17,26,14,0.1669,0.0997,0.0805,0.0556,0.1913,0.2790,0.1269
2026-04-06 10:22:18,455,5,-26.08,97,0,5,0,455,1.8222,17,14,9,7,16,21,13,0.1669,0.0998,0.0806,0.0558,0.1910,0.2786,0.1272
2026-04-06 10:23:39,456,5,-264.50,76,0,5,0,456,1.8273,12,9,8,2,12,18,15,0.1668,0.0996,0.0806,0.0556,0.1912,0.2793,0.1270
2026-04-06 10:25:02,457,5,-6.43,81,0,5,0,457,1.8273,16,8,10,3,16,22,6,0.1646,0.1005,0.0815,0.0562,0.1924,0.2777,0.1270
2026-04-06 10:26:37,458,5,-61.43,106,0,5,0,458,1.8273,13,8,10,3,22,37,13,0.1645,0.1005,0.0816,0.0562,0.1923,0.2777,0.1271
2026-04-06 10:28:59,459,5,444.38,194,0,5,0,459,1.8273,32,17,17,6,34,60,28,0.1645,0.1034,0.0845,0.0597,0.1898,0.2693,0.1288
2026-04-06 10:31:16,460,5,-27.59,191,0,5,0,460,1.8295,27,14,10,15,47,46,32,0.1642,0.1039,0.0851,0.0602,0.1897,0.2682,0.1287
2026-04-06 10:39:00,461,5,113.84,113,0,5,0,461,0.0000,20,11,10,6,21,34,11,0.1635,0.0996,0.0796,0.0526,0.1956,0.2828,0.1264
2026-04-06 10:40:38,462,5,1.33,110,0,5,0,462,0.0000,25,12,11,1,20,28,13,0.1636,0.0996,0.0795,0.0525,0.1956,0.2829,0.1263
2026-04-06 10:42:01,463,5,-207.92,87,0,5,0,463,0.0000,16,8,5,4,16,25,13,0.1637,0.0996,0.0795,0.0525,0.1956,0.2828,0.1263
2026-04-06 10:43:57,464,5,250.11,141,0,5,0,464,1.8203,27,14,15,6,22,39,18,0.1635,0.0997,0.0796,0.0526,0.1956,0.2827,0.1263
2026-04-06 10:46:32,465,5,833.66,218,0,5,0,465,1.8203,37,18,18,12,42,61,30,0.1609,0.1039,0.0837,0.0569,0.1929,0.2728,0.1290
2026-04-06 10:48:26,466,5,498.54,143,0,5,0,466,1.8203,23,16,8,9,26,41,20,0.1612,0.1012,0.0810,0.0538,0.1956,0.2803,0.1269
2026-04-06 10:50:16,467,5,-281.00,139,0,5,0,467,1.8203,22,8,9,11,23,52,14,0.1613,0.1012,0.0810,0.0537,0.1957,0.2803,0.1268
2026-04-06 10:51:58,468,5,-213.69,118,0,5,0,468,1.8248,21,15,7,5,21,34,15,0.1615,0.1045,0.0845,0.0579,0.1926,0.2699,0.1291
2026-04-06 10:53:49,469,5,119.49,138,0,5,0,469,1.8248,28,13,11,10,26,29,21,0.1595,0.1059,0.0855,0.0589,0.1924,0.2680,0.1299
2026-04-06 10:55:02,470,5,-2.63,62,0,5,0,470,1.8248,12,12,6,3,11,15,3,0.1592,0.1061,0.0855,0.0590,0.1930,0.2683,0.1289
2026-04-06 10:57:07,471,5,147.94,159,0,5,0,471,1.8248,25,15,14,5,27,58,15,0.1593,0.1029,0.0828,0.0554,0.1955,0.2767,0.1275
2026-04-06 10:58:44,472,5,-59.79,109,0,5,0,472,1.8309,20,9,13,8,21,28,10,0.1593,0.1029,0.0828,0.0554,0.1954,0.2765,0.1277
2026-04-06 11:00:16,473,5,261.58,96,0,5,0,473,1.8309,20,12,13,3,15,29,4,0.1573,0.1047,0.0848,0.0574,0.1947,0.2723,0.1289
2026-04-06 11:02:32,474,5,-275.94,173,0,5,0,474,1.8309,21,19,16,13,21,60,23,0.1575,0.1048,0.0848,0.0574,0.1948,0.2721,0.1287
2026-04-06 11:03:50,475,5,-204.22,75,0,5,0,475,1.8309,14,8,8,7,10,25,3,0.1577,0.1077,0.0881,0.0615,0.1916,0.2625,0.1309
2026-04-06 11:05:43,476,5,-73.72,142,0,5,0,476,1.8379,25,10,11,8,24,44,20,0.1575,0.1046,0.0847,0.0573,0.1949,0.2724,0.1286
2026-04-06 11:07:12,477,5,-181.19,91,0,5,0,477,1.8379,12,11,8,9,13,24,14,0.1573,0.1056,0.0860,0.0596,0.1969,0.2688,0.1257
2026-04-06 11:09:09,478,5,-305.35,150,0,5,0,478,1.8379,25,12,11,8,33,45,16,0.1574,0.1068,0.0871,0.0610,0.1959,0.2653,0.1264
2026-04-06 11:10:42,479,5,275.75,104,0,5,0,479,1.8379,13,11,4,8,23,31,14,0.1572,0.1057,0.0860,0.0597,0.1970,0.2687,0.1257
2026-04-06 11:11:54,480,5,-431.88,59,0,5,0,480,1.8419,10,12,4,1,9,12,11,0.1574,0.1058,0.0860,0.0597,0.1970,0.2685,0.1256
2026-04-06 11:13:31,481,5,-404.83,106,0,5,0,481,1.8419,19,14,10,4,27,27,5,0.1572,0.1059,0.0866,0.0611,0.1991,0.2670,0.1230
2026-04-06 11:15:40,482,5,342.95,173,0,5,0,482,1.8419,34,13,14,6,33,49,24,0.1570,0.1059,0.0865,0.0611,0.1992,0.2672,0.1230
2026-04-06 11:17:02,483,5,-303.64,80,0,5,0,483,1.8419,18,9,11,3,10,22,7,0.1571,0.1087,0.0893,0.0646,0.1965,0.2595,0.1242
2026-04-06 11:18:26,484,5,-29.43,82,0,5,0,484,1.8435,11,13,5,9,14,15,15,0.1573,0.1060,0.0865,0.0611,0.1991,0.2669,0.1230
2026-04-06 11:20:01,485,5,-204.73,99,0,5,0,485,1.8435,15,19,6,3,22,22,12,0.1564,0.1081,0.0885,0.0648,0.1980,0.2611,0.1232
2026-04-06 11:22:07,486,5,-47.41,164,0,5,0,486,1.8435,30,18,11,9,31,44,21,0.1559,0.1055,0.0857,0.0614,0.2008,0.2692,0.1216
2026-04-06 11:23:42,487,5,-50.30,100,0,5,0,487,1.8435,10,10,13,6,22,20,19,0.1560,0.1054,0.0858,0.0613,0.2008,0.2692,0.1216
2026-04-06 11:25:33,488,5,19.22,130,0,5,0,488,1.8411,18,13,13,6,20,35,25,0.1560,0.1055,0.0857,0.0613,0.2009,0.2692,0.1215
2026-04-06 11:27:01,489,5,-458.57,88,0,5,0,489,1.8411,15,12,9,8,18,16,10,0.1555,0.1021,0.0848,0.0610,0.2036,0.2714,0.1217
2026-04-06 11:28:43,490,5,-378.21,121,0,5,0,490,1.8411,18,10,8,9,28,36,12,0.1558,0.1050,0.0873,0.0646,0.2001,0.2633,0.1239
2026-04-06 11:31:30,491,5,102.12,244,0,5,0,491,1.8411,47,19,24,17,42,70,25,0.1553,0.1020,0.0848,0.0610,0.2035,0.2717,0.1217
2026-04-06 11:32:54,492,5,-358.53,85,0,5,0,492,1.8366,11,7,6,6,17,29,9,0.1554,0.1020,0.0848,0.0609,0.2036,0.2718,0.1215
2026-04-06 11:34:36,493,5,250.06,122,0,5,0,493,1.8366,19,11,7,10,26,34,15,0.1551,0.0999,0.0847,0.0617,0.2052,0.2715,0.1220
2026-04-06 11:36:42,494,5,283.09,156,0,5,0,494,1.8366,20,20,13,9,30,49,15,0.1554,0.1016,0.0859,0.0635,0.2028,0.2671,0.1236
2026-04-06 11:38:13,495,5,-18.37,100,0,5,0,495,1.8366,17,7,10,3,22,22,19,0.1550,0.1009,0.0853,0.0627,0.2036,0.2693,0.1231
2026-04-06 11:39:56,496,5,63.04,122,0,5,0,496,1.8308,19,11,9,5,29,35,14,0.1551,0.1008,0.0855,0.0627,0.2040,0.2688,0.1231
2026-04-06 11:41:28,497,5,49.40,102,0,5,0,497,1.8308,15,8,7,7,20,27,18,0.1545,0.0961,0.0826,0.0599,0.2084,0.2774,0.1212
2026-04-06 11:43:19,498,5,-414.07,138,0,5,0,498,1.8308,26,8,14,11,25,34,20,0.1551,0.0990,0.0854,0.0634,0.2051,0.2690,0.1230
2026-04-06 11:45:08,499,5,183.64,130,0,5,0,499,1.8308,16,7,17,13,25,35,17,0.1547,0.0983,0.0844,0.0624,0.2060,0.2711,0.1231
2026-04-06 11:46:36,500,5,-126.23,92,0,5,0,500,1.8270,15,8,8,8,17,27,9,0.1546,0.0961,0.0824,0.0599,0.2084,0.2774,0.1212
2026-04-06 11:47:54,501,5,-403.44,77,0,5,0,501,1.8270,12,5,7,4,15,25,9,0.1511,0.0943,0.0816,0.0621,0.2119,0.2806,0.1183
2026-04-06 11:50:14,502,5,309.94,187,0,5,0,502,1.8270,29,22,12,11,44,45,24,0.1511,0.0944,0.0815,0.0620,0.2122,0.2807,0.1182
2026-04-06 11:51:45,503,5,-108.85,103,0,5,0,503,1.8270,18,6,8,4,26,26,15,0.1513,0.0968,0.0835,0.0645,0.2094,0.2741,0.1203
2026-04-06 11:53:43,504,5,135.25,147,0,5,0,504,1.8235,24,14,12,12,25,40,20,0.1512,0.0945,0.0815,0.0621,0.2120,0.2805,0.1183
2026-04-06 11:55:36,505,5,80.54,138,0,5,0,505,1.8235,16,14,8,13,36,37,14,0.1487,0.0938,0.0807,0.0647,0.2130,0.2824,0.1167
2026-04-06 11:56:49,506,5,-496.77,67,0,5,0,506,1.8235,14,4,8,5,15,15,6,0.1497,0.0964,0.0829,0.0676,0.2099,0.2752,0.1183
2026-04-06 11:58:52,507,5,79.35,163,0,5,0,507,1.8235,28,14,11,7,27,54,22,0.1495,0.0966,0.0832,0.0677,0.2094,0.2744,0.1191
2026-04-06 12:01:22,508,5,-127.26,211,0,5,0,508,1.8234,28,19,11,18,52,61,22,0.1491,0.0949,0.0818,0.0661,0.2116,0.2789,0.1175
2026-04-06 12:03:00,509,5,-269.58,114,0,5,0,509,1.8234,17,12,4,13,25,29,14,0.1458,0.0932,0.0789,0.0662,0.2135,0.2866,0.1159
2026-04-06 12:04:42,510,5,185.74,116,0,5,0,510,1.8234,14,14,7,10,30,31,10,0.1462,0.0944,0.0801,0.0676,0.2117,0.2831,0.1169
2026-04-06 12:06:24,511,5,-197.26,126,0,5,0,511,1.8234,23,8,5,6,36,34,14,0.1458,0.0931,0.0789,0.0662,0.2133,0.2868,0.1160
2026-04-06 12:08:01,512,5,-325.54,110,0,5,0,512,1.8198,16,9,11,6,26,27,15,0.1464,0.0954,0.0810,0.0686,0.2106,0.2800,0.1180
2026-04-06 12:11:22,513,5,410.16,307,0,5,0,513,1.8198,46,25,18,24,67,97,30,0.1421,0.0921,0.0769,0.0669,0.2143,0.2925,0.1152
2026-04-06 12:13:07,514,5,-230.60,128,0,5,0,514,1.8198,12,8,8,10,41,33,16,0.1422,0.0920,0.0767,0.0668,0.2145,0.2927,0.1150
2026-04-06 12:15:13,515,5,-187.14,162,0,5,0,515,1.8198,27,11,19,10,27,51,17,0.1425,0.0923,0.0768,0.0670,0.2143,0.2919,0.1151
2026-04-06 12:18:08,516,5,68.76,246,0,5,0,516,1.8141,33,29,22,12,45,71,34,0.1423,0.0923,0.0767,0.0669,0.2142,0.2925,0.1151
2026-04-06 12:19:29,517,5,-251.29,79,0,5,0,517,1.8141,16,8,9,7,9,21,9,0.1400,0.0919,0.0754,0.0683,0.2148,0.2947,0.1148
2026-04-06 12:20:58,518,5,-165.24,96,0,5,0,518,1.8141,16,13,2,10,17,27,11,0.1412,0.0944,0.0778,0.0713,0.2115,0.2871,0.1167
2026-04-06 12:23:19,519,5,744.92,196,0,5,0,519,1.8141,20,11,13,17,44,67,24,0.1397,0.0917,0.0754,0.0681,0.2149,0.2954,0.1148
2026-04-06 12:24:57,520,5,-203.03,105,0,5,0,520,1.8117,9,12,8,7,19,32,18,0.1411,0.0946,0.0777,0.0711,0.2112,0.2870,0.1172
2026-04-06 12:26:53,521,5,-115.04,145,0,5,0,521,1.8117,20,16,9,11,29,42,18,0.1376,0.0917,0.0746,0.0698,0.2153,0.2962,0.1147
2026-04-06 12:28:26,522,5,-280.13,99,0,5,0,522,1.8117,14,15,5,8,21,25,11,0.1390,0.0944,0.0774,0.0731,0.2120,0.2877,0.1163
2026-04-06 12:30:03,523,5,-162.56,110,0,5,0,523,1.8117,22,14,8,10,18,28,10,0.1388,0.0944,0.0770,0.0727,0.2124,0.2887,0.1161
2026-04-06 12:31:43,524,5,-88.97,122,0,5,0,524,1.8115,18,5,6,8,33,36,16,0.1383,0.0929,0.0759,0.0712,0.2137,0.2923,0.1156
2026-04-06 12:33:09,525,5,316.27,89,0,5,0,525,1.8115,11,7,8,12,18,24,9,0.1354,0.0908,0.0734,0.0708,0.2156,0.2997,0.1143
2026-04-06 12:34:33,526,5,-429.77,87,0,5,0,526,1.8115,12,8,5,8,18,24,12,0.1375,0.0943,0.0768,0.0748,0.2110,0.2882,0.1173
2026-04-06 12:36:11,527,5,21.24,117,0,5,0,527,1.8115,20,10,5,7,24,36,15,0.1356,0.0908,0.0734,0.0708,0.2157,0.2994,0.1142
2026-04-06 12:37:43,528,5,-405.11,99,0,5,0,528,1.8083,18,7,12,9,20,19,14,0.1359,0.0910,0.0734,0.0709,0.2156,0.2990,0.1142
2026-04-06 12:39:24,529,5,248.85,122,0,5,0,529,1.8083,21,12,5,8,22,44,10,0.1340,0.0908,0.0731,0.0724,0.2152,0.3003,0.1142
2026-04-06 12:40:59,530,5,-294.94,107,0,5,0,530,1.8083,14,3,12,8,26,34,10,0.1334,0.0896,0.0718,0.0711,0.2165,0.3043,0.1132
2026-04-06 12:42:17,531,5,-366.21,73,0,5,0,531,1.8083,9,7,6,4,21,20,6,0.1335,0.0896,0.0718,0.0711,0.2167,0.3042,0.1131
2026-04-06 12:43:49,532,5,-211.49,102,0,5,0,532,1.8024,11,5,7,12,27,19,21,0.1334,0.0896,0.0718,0.0711,0.2165,0.3044,0.1131
2026-04-06 12:45:31,533,5,-127.94,118,0,5,0,533,1.8024,14,4,14,7,22,45,12,0.1314,0.0881,0.0695,0.0708,0.2172,0.3111,0.1118
2026-04-06 12:46:59,534,5,-217.09,93,0,5,0,534,1.8024,13,10,6,1,24,29,10,0.1316,0.0883,0.0696,0.0710,0.2171,0.3105,0.1120
2026-04-06 12:48:45,535,5,272.98,125,0,5,0,535,1.8024,18,14,8,7,26,45,7,0.1314,0.0882,0.0695,0.0708,0.2172,0.3111,0.1118
2026-04-06 12:51:45,536,5,488.98,260,0,5,0,536,1.7943,32,26,17,20,64,74,27,0.1322,0.0892,0.0706,0.0721,0.2158,0.3071,0.1130
2026-04-06 12:53:40,537,5,191.42,134,0,5,0,537,1.7943,9,14,15,7,25,42,22,0.1300,0.0875,0.0683,0.0713,0.2167,0.3148,0.1115
2026-04-06 12:55:18,538,5,-391.15,119,0,5,0,538,1.7943,14,6,4,10,35,40,10,0.1300,0.0875,0.0684,0.0714,0.2166,0.3145,0.1115
2026-04-06 12:57:12,539,5,-51.95,137,0,5,0,539,1.7943,12,17,5,13,34,39,17,0.1300,0.0876,0.0683,0.0714,0.2167,0.3145,0.1114
2026-04-06 12:59:12,540,5,198.94,159,0,5,0,540,1.7902,21,12,4,19,38,50,15,0.1299,0.0875,0.0684,0.0715,0.2164,0.3147,0.1116
2026-04-06 13:00:43,541,5,122.47,100,0,5,0,541,1.7902,17,4,14,5,19,30,11,0.1300,0.0896,0.0696,0.0747,0.2130,0.3096,0.1136
2026-04-06 13:02:43,542,5,320.33,154,0,5,0,542,1.7902,20,10,13,6,31,55,19,0.1303,0.0903,0.0703,0.0755,0.2123,0.3078,0.1136
2026-04-06 13:05:11,543,5,866.09,206,0,5,0,543,1.7902,29,19,14,19,30,69,26,0.1289,0.0877,0.0676,0.0725,0.2150,0.3165,0.1117
2026-04-06 13:06:57,544,5,-405.51,130,0,5,0,544,1.7901,18,9,7,12,31,32,21,0.1290,0.0877,0.0678,0.0727,0.2150,0.3160,0.1117
2026-04-06 13:09:00,545,5,24.97,158,0,5,0,545,1.7901,23,18,8,7,38,51,13,0.1289,0.0900,0.0691,0.0761,0.2111,0.3111,0.1137
2026-04-06 13:10:45,546,5,-460.74,129,0,5,0,546,1.7901,21,8,9,11,21,45,14,0.1302,0.0915,0.0709,0.0779,0.2098,0.3049,0.1148
2026-04-06 13:12:31,547,5,156.40,128,0,5,0,547,1.7901,16,9,10,10,31,40,12,0.1280,0.0884,0.0678,0.0743,0.2131,0.3161,0.1123
2026-04-06 13:14:10,548,5,-138.23,117,0,5,0,548,1.7928,16,8,5,10,22,36,20,0.1281,0.0885,0.0679,0.0744,0.2130,0.3159,0.1123
2026-04-06 13:16:31,549,5,387.14,194,0,5,0,549,1.7928,24,15,11,12,39,72,21,0.1280,0.0909,0.0688,0.0769,0.2098,0.3117,0.1139
2026-04-06 13:18:30,550,5,373.18,158,0,5,0,550,1.7928,29,11,10,6,35,45,22,0.1267,0.0890,0.0672,0.0749,0.2121,0.3180,0.1121
2026-04-06 13:19:55,551,5,-321.96,86,0,5,0,551,1.7928,13,8,9,7,11,27,11,0.1268,0.0891,0.0673,0.0750,0.2121,0.3177,0.1121
2026-04-06 13:21:29,552,5,-250.30,102,0,5,0,552,1.7919,4,11,3,7,21,40,16,0.1267,0.0890,0.0673,0.0750,0.2120,0.3178,0.1122
2026-04-06 13:22:56,553,5,-112.94,94,0,5,0,553,1.7919,13,6,6,9,18,34,8,0.1260,0.0902,0.0673,0.0762,0.2101,0.3170,0.1130
2026-04-06 13:24:24,554,5,-493.94,94,0,5,0,554,1.7919,11,5,9,9,16,37,7,0.1261,0.0902,0.0674,0.0763,0.2102,0.3168,0.1130
2026-04-06 13:26:25,555,5,188.43,155,0,5,0,555,1.7919,22,18,7,14,42,36,16,0.1259,0.0903,0.0674,0.0763,0.2100,0.3170,0.1131
2026-04-06 13:28:29,556,5,-49.12,156,0,5,0,556,1.7948,18,15,13,15,28,48,19,0.1261,0.0902,0.0673,0.0763,0.2102,0.3169,0.1130
2026-04-06 13:30:09,557,5,-250.74,110,0,5,0,557,1.7948,11,11,11,10,25,30,12,0.1257,0.0910,0.0667,0.0767,0.2100,0.3158,0.1141
2026-04-06 13:32:43,558,5,-168.72,212,0,5,0,558,1.7948,17,18,15,23,35,83,21,0.1255,0.0909,0.0668,0.0767,0.2099,0.3161,0.1142
2026-04-06 13:34:16,559,5,-302.24,107,0,5,0,559,1.7948,14,3,8,6,22,38,16,0.1256,0.0909,0.0667,0.0766,0.2100,0.3162,0.1141
2026-04-06 13:36:34,560,5,134.20,188,0,5,0,560,1.7959,27,15,14,10,43,65,14,0.1273,0.0933,0.0687,0.0791,0.2072,0.3083,0.1162
2026-04-06 13:38:18,561,5,82.75,120,0,5,0,561,1.7959,12,10,9,4,31,43,11,0.1267,0.0941,0.0686,0.0798,0.2084,0.3061,0.1164
2026-04-06 13:39:41,562,5,-66.35,87,0,5,0,562,1.7959,10,5,5,6,12,36,13,0.1261,0.0932,0.0677,0.0791,0.2087,0.3090,0.1161
2026-04-06 13:41:12,563,5,-485.89,96,0,5,0,563,1.7959,11,16,3,7,20,27,12,0.1250,0.0913,0.0658,0.0768,0.2112,0.3155,0.1145
2026-04-06 13:42:30,564,5,-470.15,71,0,5,0,564,1.7956,4,10,3,5,14,27,8,0.1252,0.0914,0.0658,0.0769,0.2112,0.3149,0.1145
2026-04-06 13:44:29,565,5,422.67,154,0,5,0,565,1.7956,21,14,8,13,34,42,22,0.1261,0.0938,0.0673,0.0798,0.2095,0.3065,0.1170
2026-04-06 13:45:45,566,5,-473.08,65,0,5,0,566,1.7956,4,6,7,5,18,22,3,0.1260,0.0936,0.0670,0.0794,0.2105,0.3074,0.1162
2026-04-06 13:47:36,567,5,-188.62,138,0,5,0,567,1.7956,11,9,7,10,31,49,21,0.1258,0.0935,0.0666,0.0790,0.2105,0.3089,0.1157
2026-04-06 13:49:31,568,5,238.27,146,0,5,0,568,1.7926,26,12,11,4,33,43,17,0.1254,0.0926,0.0658,0.0782,0.2106,0.3112,0.1162
2026-04-06 13:51:25,569,5,79.55,144,0,5,0,569,1.7926,24,12,11,13,24,41,19,0.1261,0.0938,0.0664,0.0796,0.2108,0.3064,0.1169
2026-04-06 13:53:17,570,5,441.12,139,0,5,0,570,1.7926,14,9,8,13,27,42,26,0.1244,0.0914,0.0639,0.0766,0.2132,0.3153,0.1152
2026-04-06 13:54:53,571,5,-79.20,111,0,5,0,571,1.7926,15,11,4,8,20,35,18,0.1244,0.0914,0.0639,0.0766,0.2134,0.3152,0.1152
2026-04-06 13:57:00,572,5,114.58,162,0,5,0,572,1.7934,19,14,12,14,32,55,16,0.1243,0.0913,0.0639,0.0766,0.2133,0.3154,0.1151
2026-04-06 13:58:47,573,5,92.89,131,0,5,0,573,1.7934,19,11,9,16,20,42,14,0.1268,0.0945,0.0664,0.0805,0.2095,0.3033,0.1190
2026-04-06 14:00:42,574,5,-20.51,145,0,5,0,574,1.7934,10,9,7,11,35,50,23,0.1248,0.0920,0.0640,0.0776,0.2128,0.3122,0.1167
2026-04-06 14:03:18,575,5,153.03,214,0,5,0,575,1.7934,20,20,14,7,57,67,29,0.1248,0.0921,0.0640,0.0775,0.2128,0.3123,0.1166
2026-04-06 14:05:38,576,5,519.94,194,0,5,0,576,1.7973,21,19,4,17,45,63,25,0.1259,0.0935,0.0654,0.0793,0.2105,0.3069,0.1184
2026-04-06 14:06:54,577,5,-474.18,71,0,5,0,577,1.7973,8,4,6,5,13,31,4,0.1257,0.0932,0.0646,0.0790,0.2121,0.3074,0.1181
2026-04-06 14:08:11,578,5,-306.04,73,0,5,0,578,1.7973,9,11,2,5,14,24,8,0.1277,0.0956,0.0670,0.0819,0.2088,0.2988,0.1202
2026-04-06 14:10:16,579,5,95.65,170,0,5,0,579,1.7973,25,11,7,13,33,56,25,0.1256,0.0932,0.0646,0.0789,0.2120,0.3078,0.1179
2026-04-06 14:11:49,580,5,-299.64,102,0,5,0,580,1.8034,16,11,6,7,17,34,11,0.1257,0.0932,0.0645,0.0789,0.2121,0.3077,0.1180
2026-04-06 14:13:46,581,5,495.80,146,0,5,0,581,1.8034,17,12,12,9,31,58,7,0.1260,0.0937,0.0647,0.0798,0.2113,0.3052,0.1192
2026-04-06 14:15:57,582,5,120.04,174,0,5,0,582,1.8034,25,9,17,18,34,50,21,0.1262,0.0938,0.0646,0.0798,0.2115,0.3050,0.1191
2026-04-06 14:18:23,583,5,77.76,211,0,5,0,583,1.8034,27,15,5,10,50,73,31,0.1275,0.0956,0.0662,0.0820,0.2091,0.2993,0.1203
2026-04-06 14:20:23,584,5,477.23,152,0,5,0,584,1.8067,16,11,15,13,31,45,21,0.1260,0.0937,0.0646,0.0798,0.2114,0.3054,0.1191
2026-04-06 14:22:53,585,5,422.04,211,0,5,0,585,1.8067,29,17,13,23,49,48,32,0.1268,0.0949,0.0652,0.0811,0.2104,0.3011,0.1204
2026-04-06 14:24:56,586,5,214.61,154,0,5,0,586,1.8067,20,18,12,14,27,50,13,0.1269,0.0948,0.0654,0.0813,0.2102,0.3009,0.1206
2026-04-06 14:27:20,587,5,-358.48,195,0,5,0,587,1.8067,23,17,13,20,46,53,23,0.1279,0.0966,0.0668,0.0832,0.2082,0.2956,0.1217
2026-04-06 14:29:36,588,5,-241.98,184,0,4,0,588,1.8119,25,13,15,21,38,55,17,0.1270,0.0950,0.0653,0.0813,0.2104,0.3006,0.1204
2026-04-06 14:31:31,589,5,-64.32,149,0,5,0,589,1.8119,24,10,8,15,27,48,17,0.1279,0.0960,0.0662,0.0829,0.2089,0.2959,0.1222
2026-04-06 14:33:06,590,5,-175.53,109,0,5,0,590,1.8119,12,7,6,14,29,26,15,0.1293,0.0981,0.0681,0.0854,0.2065,0.2894,0.1231
2026-04-06 14:35:11,591,5,15.69,164,0,5,0,591,1.8119,29,16,10,14,30,45,20,0.1292,0.0978,0.0679,0.0853,0.2064,0.2900,0.1235
2026-04-06 14:37:47,592,5,351.46,213,0,5,0,592,1.8188,24,25,14,17,40,78,15,0.1277,0.0960,0.0662,0.0829,0.2087,0.2962,0.1223
2026-04-06 14:39:08,593,5,-484.51,77,0,5,0,593,1.8188,9,8,8,5,22,16,9,0.1289,0.0974,0.0674,0.0849,0.2075,0.2899,0.1240
2026-04-06 14:41:29,594,5,322.76,195,0,5,0,594,1.8188,30,17,10,18,31,64,25,0.1287,0.0974,0.0675,0.0848,0.2073,0.2902,0.1241
2026-04-06 14:43:06,595,5,-171.63,107,0,5,0,595,1.8188,7,13,5,8,23,40,11,0.1290,0.0976,0.0676,0.0850,0.2073,0.2895,0.1241
2026-04-06 14:44:35,596,5,-95.85,95,0,5,0,596,1.8269,18,5,13,5,18,23,13,0.1288,0.0975,0.0675,0.0849,0.2073,0.2898,0.1242
2026-04-06 14:46:30,597,5,470.45,144,0,5,0,597,1.8269,20,18,4,12,32,48,10,0.1301,0.0981,0.0679,0.0861,0.2054,0.2861,0.1264
2026-04-06 14:48:21,598,5,181.96,137,0,5,0,598,1.8269,17,11,8,17,24,38,22,0.1313,0.1001,0.0696,0.0883,0.2027,0.2800,0.1279
2026-04-06 14:50:28,599,5,-35.89,169,0,5,0,599,1.8269,23,14,9,10,47,48,18,0.1300,0.0982,0.0679,0.0861,0.2054,0.2860,0.1264
2026-04-06 14:52:50,600,5,394.13,195,0,5,0,600,1.8317,26,15,13,13,38,72,18,0.1308,0.0992,0.0691,0.0877,0.2034,0.2821,0.1278
2026-04-06 14:54:03,601,5,-484.30,61,0,5,0,601,1.8317,9,11,4,5,12,15,5,0.1313,0.0991,0.0689,0.0877,0.2032,0.2813,0.1286
2026-04-06 14:55:35,602,5,52.92,99,0,5,0,602,1.8317,14,9,9,8,12,33,14,0.1310,0.0990,0.0688,0.0875,0.2030,0.2820,0.1287
2026-04-06 14:57:12,603,5,-10.27,113,0,5,0,603,1.8317,8,8,3,7,30,33,24,0.1318,0.1001,0.0700,0.0888,0.2017,0.2783,0.1293
2026-04-06 14:58:50,604,5,-360.95,107,0,5,0,604,1.8376,14,14,6,10,20,26,17,0.1312,0.0992,0.0688,0.0876,0.2031,0.2814,0.1286
2026-04-06 15:00:59,605,5,622.03,166,0,5,0,605,1.8376,18,16,14,21,28,53,16,0.1318,0.0993,0.0690,0.0882,0.2014,0.2797,0.1305
2026-04-06 15:02:28,606,5,-416.14,88,0,5,0,606,1.8376,11,15,7,3,20,23,9,0.1324,0.1005,0.0699,0.0895,0.2002,0.2759,0.1315
2026-04-06 15:04:11,607,5,-183.86,118,0,5,0,607,1.8376,16,11,11,10,29,25,16,0.1317,0.0991,0.0690,0.0881,0.2016,0.2801,0.1305
2026-04-06 15:05:21,608,5,-471.08,55,0,5,0,608,1.8401,7,5,9,4,6,18,6,0.1318,0.0992,0.0690,0.0882,0.2016,0.2798,0.1304
2026-04-06 15:07:25,609,5,242.17,159,0,5,0,609,1.8401,21,15,12,8,35,43,25,0.1310,0.0986,0.0682,0.0875,0.2021,0.2807,0.1320
2026-04-06 15:09:19,610,5,-13.65,143,0,5,0,610,1.8401,27,12,11,15,24,34,20,0.1311,0.0987,0.0683,0.0876,0.2020,0.2804,0.1320
2026-04-06 15:11:36,611,5,238.18,190,0,5,0,611,1.8401,37,19,11,17,28,51,27,0.1322,0.1006,0.0704,0.0900,0.1999,0.2740,0.1329
2026-04-06 15:13:27,612,5,253.30,130,0,5,0,612,1.8383,10,11,12,17,22,38,20,0.1309,0.0985,0.0682,0.0875,0.2020,0.2809,0.1320
2026-04-06 15:15:36,613,5,288.08,169,0,5,0,613,1.8383,27,14,15,20,31,41,21,0.1318,0.1008,0.0704,0.0900,0.1998,0.2729,0.1343
2026-04-06 15:16:51,614,5,-468.26,67,0,5,0,614,1.8383,10,8,5,5,11,22,6,0.1317,0.0998,0.0691,0.0890,0.2006,0.2759,0.1339
2026-04-06 15:17:58,615,5,-228.05,52,0,5,0,615,1.8383,9,7,6,5,8,12,5,0.1305,0.0985,0.0679,0.0874,0.2023,0.2799,0.1335
2026-04-06 15:19:31,616,5,-345.33,98,0,5,0,616,1.8386,8,12,7,11,22,18,20,0.1306,0.0986,0.0680,0.0875,0.2024,0.2797,0.1333
2026-04-06 15:21:06,617,5,51.55,106,0,5,0,617,1.8386,13,11,4,13,22,30,13,0.1310,0.0996,0.0690,0.0889,0.2006,0.2751,0.1357
2026-04-06 15:22:30,618,5,-416.57,85,0,5,0,618,1.8386,11,7,7,9,18,19,14,0.1313,0.1003,0.0699,0.0897,0.2003,0.2732,0.1353
2026-04-06 15:24:04,619,5,14.42,104,0,5,0,619,1.8386,7,10,5,11,22,35,14,0.1298,0.0979,0.0674,0.0870,0.2026,0.2806,0.1346
2026-04-06 15:25:33,620,5,-473.51,97,0,5,0,620,1.8375,16,7,6,7,23,26,12,0.1307,0.0990,0.0685,0.0883,0.2015,0.2769,0.1351
2026-04-06 15:27:38,621,5,-31.19,170,0,5,0,621,1.8375,31,11,10,14,31,49,24,0.1291,0.0972,0.0665,0.0864,0.2034,0.2820,0.1355
2026-04-06 15:29:00,622,5,-161.06,81,0,5,0,622,1.8375,10,9,6,6,20,20,10,0.1293,0.0973,0.0664,0.0864,0.2034,0.2817,0.1355
2026-04-06 15:30:38,623,5,-125.28,109,0,5,0,623,1.8375,12,9,11,11,25,26,15,0.1291,0.0971,0.0664,0.0864,0.2035,0.2820,0.1355
2026-04-06 15:32:06,624,5,273.36,89,0,5,0,624,1.8347,10,13,5,5,24,22,10,0.1291,0.0972,0.0663,0.0863,0.2036,0.2820,0.1354
2026-04-06 15:33:42,625,5,-348.13,107,0,5,0,625,1.8347,13,12,5,7,31,30,9,0.1284,0.0970,0.0655,0.0855,0.2038,0.2838,0.1361
2026-04-06 15:35:29,626,5,225.21,131,0,5,0,626,1.8347,19,6,13,11,28,31,23,0.1292,0.0979,0.0664,0.0868,0.2019,0.2806,0.1372
2026-04-06 15:36:59,627,5,-161.42,95,0,5,0,627,1.8347,12,11,5,12,20,23,12,0.1292,0.0982,0.0668,0.0871,0.2019,0.2800,0.1368
2026-04-06 15:39:00,628,5,217.92,150,0,5,0,628,1.8318,16,16,10,12,33,40,23,0.1282,0.0968,0.0656,0.0855,0.2036,0.2841,0.1362
2026-04-06 15:41:22,629,5,408.56,195,0,5,0,629,1.8318,30,15,16,15,43,54,22,0.1297,0.0987,0.0678,0.0879,0.2007,0.2761,0.1391
2026-04-06 15:43:05,630,5,-129.78,116,0,5,0,630,1.8318,15,13,10,12,31,26,9,0.1295,0.0985,0.0670,0.0873,0.2011,0.2783,0.1384
2026-04-06 15:44:46,631,5,-430.07,114,0,5,0,631,1.8318,13,14,9,19,18,21,20,0.1286,0.0967,0.0656,0.0855,0.2027,0.2825,0.1384
2026-04-06 15:46:06,632,5,-494.66,77,0,5,0,632,1.8331,14,9,6,5,13,23,7,0.1286,0.0968,0.0656,0.0855,0.2026,0.2824,0.1385
2026-04-06 15:47:56,633,5,248.56,128,0,5,0,633,1.8331,16,16,10,9,30,33,14,0.1278,0.0960,0.0650,0.0844,0.2027,0.2837,0.1404
2026-04-06 15:50:18,634,5,-180.14,186,0,5,0,634,1.8331,20,26,10,17,27,60,26,0.1291,0.0977,0.0662,0.0862,0.2004,0.2790,0.1414
2026-04-06 15:52:00,635,5,186.07,125,0,5,0,635,1.8331,18,9,6,13,32,38,9,0.1289,0.0978,0.0664,0.0863,0.2011,0.2792,0.1402
2026-04-06 15:54:31,636,5,466.78,212,0,5,0,636,1.8312,40,16,18,7,42,63,26,0.1290,0.0981,0.0670,0.0867,0.2005,0.2776,0.1410
2026-04-06 15:56:43,637,5,-262.79,171,0,5,0,637,1.8312,18,19,9,10,32,52,31,0.1285,0.0964,0.0655,0.0851,0.2009,0.2803,0.1433
2026-04-06 15:58:55,638,5,26.57,179,0,5,0,638,1.8312,27,18,8,13,28,45,40,0.1276,0.0956,0.0650,0.0840,0.2022,0.2831,0.1424
2026-04-06 16:00:21,639,5,-308.03,88,0,5,0,639,1.8312,11,8,8,4,18,26,13,0.1278,0.0957,0.0650,0.0841,0.2023,0.2828,0.1424
2026-04-06 16:01:54,640,5,-256.37,99,0,5,0,640,1.8316,14,10,10,6,15,29,15,0.1285,0.0965,0.0655,0.0852,0.2010,0.2800,0.1433
2026-04-06 16:03:07,641,5,-176.06,64,0,5,0,641,1.8316,8,5,6,5,21,7,12,0.1278,0.0946,0.0646,0.0834,0.2023,0.2827,0.1446
2026-04-06 16:04:49,642,5,-301.24,115,0,5,0,642,1.8316,11,11,10,3,20,36,24,0.1278,0.0947,0.0646,0.0834,0.2023,0.2826,0.1446
2026-04-06 16:06:30,643,5,-34.37,124,0,5,0,643,1.8316,19,10,4,7,24,37,23,0.1282,0.0957,0.0652,0.0846,0.2009,0.2803,0.1452
2026-04-06 16:08:10,644,5,40.93,111,0,5,0,644,1.8306,13,10,10,7,29,24,18,0.1277,0.0946,0.0646,0.0834,0.2023,0.2828,0.1445
2026-04-06 16:10:26,645,5,-37.83,189,0,5,0,645,1.8306,26,5,17,18,40,54,29,0.1294,0.0958,0.0664,0.0855,0.1994,0.2764,0.1472
2026-04-06 16:11:54,646,5,-186.93,87,0,5,0,646,1.8306,12,14,7,4,17,21,12,0.1279,0.0934,0.0638,0.0826,0.2020,0.2837,0.1466
2026-04-06 16:14:00,647,5,198.08,168,0,5,0,647,1.8306,19,13,9,8,40,53,26,0.1277,0.0934,0.0638,0.0827,0.2019,0.2839,0.1467
2026-04-06 16:16:21,648,5,445.72,184,0,5,0,648,1.8284,21,19,16,11,43,53,21,0.1278,0.0935,0.0638,0.0827,0.2018,0.2835,0.1468
2026-04-06 16:18:08,649,5,576.21,128,0,5,0,649,1.8284,8,9,5,11,38,33,24,0.1279,0.0925,0.0636,0.0825,0.2013,0.2837,0.1485
2026-04-06 16:19:25,650,5,-502.04,69,0,5,0,650,1.8284,9,12,5,5,12,15,11,0.1289,0.0933,0.0637,0.0835,0.2003,0.2813,0.1490
2026-04-06 16:20:49,651,5,-249.23,87,0,5,0,651,1.8284,15,9,6,4,18,23,12,0.1281,0.0925,0.0636,0.0825,0.2014,0.2834,0.1483
2026-04-06 16:22:23,652,5,-490.56,106,0,5,0,652,1.8281,18,6,10,10,18,33,11,0.1288,0.0936,0.0645,0.0836,0.2005,0.2804,0.1485
2026-04-06 16:24:18,653,5,108.96,137,0,5,0,653,1.8281,10,17,8,10,40,35,17,0.1285,0.0928,0.0635,0.0831,0.2003,0.2817,0.1501
2026-04-06 16:26:18,654,5,-84.23,155,0,5,0,654,1.8281,21,12,11,10,40,45,16,0.1273,0.0914,0.0627,0.0816,0.2020,0.2856,0.1495
2026-04-06 16:27:53,655,5,436.34,99,0,5,0,655,1.8281,11,12,10,8,22,29,7,0.1274,0.0914,0.0626,0.0816,0.2021,0.2855,0.1495
2026-04-06 16:30:00,656,5,191.69,174,0,5,0,656,1.8246,32,14,7,14,43,43,21,0.1274,0.0915,0.0626,0.0816,0.2020,0.2854,0.1495
2026-04-06 16:32:21,657,5,-217.00,200,0,5,0,657,1.8246,33,13,13,17,37,60,27,0.1271,0.0905,0.0623,0.0812,0.2025,0.2859,0.1506
2026-04-06 16:34:32,658,5,261.14,174,0,5,0,658,1.8246,23,16,10,18,33,49,25,0.1271,0.0906,0.0624,0.0813,0.2023,0.2857,0.1507
2026-04-06 16:36:26,659,5,36.03,139,0,5,0,659,1.8246,18,15,9,12,27,39,19,0.1270,0.0905,0.0623,0.0812,0.2024,0.2860,0.1506
2026-04-06 16:39:23,660,5,76.63,262,0,5,0,660,1.8235,38,22,15,25,58,69,35,0.1270,0.0907,0.0624,0.0813,0.2025,0.2857,0.1505
2026-04-06 16:41:08,661,5,48.56,124,0,5,0,661,1.8235,12,13,5,22,33,30,9,0.1268,0.0902,0.0628,0.0817,0.2029,0.2843,0.1512
2026-04-06 16:43:06,662,5,244.70,145,0,5,0,662,1.8235,17,20,7,10,27,38,26,0.1268,0.0902,0.0627,0.0816,0.2029,0.2846,0.1512
2026-04-06 16:45:05,663,5,-144.70,147,0,5,0,663,1.8235,17,14,13,11,30,36,26,0.1271,0.0904,0.0628,0.0817,0.2029,0.2838,0.1512
2026-04-06 16:46:39,664,5,-87.87,95,0,5,0,664,1.8247,11,16,9,8,16,22,13,0.1280,0.0917,0.0639,0.0834,0.2016,0.2806,0.1507
2026-04-06 16:48:12,665,5,-178.47,100,0,5,0,665,1.8247,13,10,9,8,21,23,16,0.1271,0.0901,0.0634,0.0820,0.2036,0.2824,0.1514
2026-04-06 16:50:22,666,5,97.48,171,0,5,0,666,1.8247,24,18,10,11,35,45,28,0.1269,0.0901,0.0634,0.0820,0.2036,0.2825,0.1514
2026-04-06 16:52:39,667,5,719.99,192,0,5,0,667,1.8247,17,12,5,25,41,59,33,0.1284,0.0924,0.0655,0.0845,0.2011,0.2761,0.1521
2026-04-06 16:54:03,668,5,-233.82,86,0,5,0,668,1.8262,13,11,2,7,16,29,8,0.1271,0.0902,0.0634,0.0820,0.2036,0.2823,0.1514
2026-04-06 16:55:41,669,5,-96.55,105,0,5,0,669,1.8262,12,17,8,7,18,29,14,0.1279,0.0914,0.0655,0.0838,0.2027,0.2767,0.1520
2026-04-06 16:57:37,670,5,-131.58,139,0,5,0,670,1.8262,15,10,17,13,31,30,23,0.1284,0.0922,0.0661,0.0847,0.2020,0.2746,0.1519
2026-04-06 16:59:11,671,5,-149.23,103,0,5,0,671,1.8262,10,8,7,6,29,28,15,0.1274,0.0905,0.0643,0.0826,0.2037,0.2796,0.1518
2026-04-06 17:00:53,672,5,-397.43,124,0,5,0,672,1.8293,18,11,4,10,30,36,15,0.1288,0.0926,0.0666,0.0852,0.2011,0.2733,0.1523
2026-04-06 17:02:35,673,5,-471.93,122,0,5,0,673,1.8293,15,12,4,9,20,33,29,0.1272,0.0902,0.0648,0.0829,0.2042,0.2782,0.1525
2026-04-06 17:04:18,674,5,254.26,120,0,5,0,674,1.8293,14,12,8,15,30,25,16,0.1270,0.0902,0.0648,0.0829,0.2040,0.2785,0.1526
2026-04-06 17:05:36,675,5,-485.29,75,0,5,0,675,1.8293,10,6,6,7,14,19,13,0.1273,0.0904,0.0648,0.0829,0.2041,0.2780,0.1525
2026-04-06 17:06:47,676,5,-394.02,63,0,5,0,676,1.8305,9,4,5,2,15,17,11,0.1273,0.0903,0.0649,0.0830,0.2040,0.2780,0.1526
2026-04-06 17:08:25,677,5,14.27,111,0,5,0,677,1.8305,19,11,9,10,19,23,20,0.1266,0.0896,0.0649,0.0828,0.2048,0.2781,0.1531
2026-04-06 17:10:19,678,5,-318.50,138,0,5,0,678,1.8305,10,12,11,13,29,44,19,0.1273,0.0909,0.0658,0.0844,0.2035,0.2751,0.1531
2026-04-06 17:12:04,679,5,178.46,121,0,5,0,679,1.8305,14,16,6,15,18,30,22,0.1272,0.0906,0.0658,0.0838,0.2037,0.2755,0.1533
2026-04-06 17:13:54,680,5,480.14,131,0,5,0,680,1.8298,10,13,9,10,27,39,23,0.1264,0.0896,0.0648,0.0827,0.2048,0.2784,0.1532
2026-04-06 17:15:47,681,5,294.65,143,0,5,0,681,1.8298,18,13,5,14,27,46,20,0.1264,0.0897,0.0653,0.0830,0.2054,0.2767,0.1535
2026-04-06 17:17:35,682,5,-36.42,132,0,5,0,682,1.8298,17,12,7,13,30,33,20,0.1278,0.0921,0.0677,0.0856,0.2029,0.2701,0.1537
2026-04-06 17:19:17,683,5,-189.93,121,0,5,0,683,1.8298,17,10,7,9,31,32,15,0.1274,0.0909,0.0663,0.0846,0.2043,0.2736,0.1529
2026-04-06 17:21:00,684,5,-318.02,118,0,5,0,684,1.8312,12,14,7,7,22,37,19,0.1264,0.0898,0.0654,0.0831,0.2054,0.2764,0.1535
2026-04-06 17:22:36,685,5,-320.27,105,0,5,0,685,1.8312,12,9,9,11,24,26,14,0.1282,0.0924,0.0677,0.0854,0.2026,0.2680,0.1557
2026-04-06 17:24:19,686,5,82.77,115,0,5,0,686,1.8312,12,16,10,14,16,32,15,0.1267,0.0901,0.0657,0.0830,0.2052,0.2740,0.1554
2026-04-06 17:26:42,687,5,466.81,189,0,5,0,687,1.8312,16,21,10,15,38,49,40,0.1267,0.0902,0.0656,0.0829,0.2052,0.2741,0.1554
2026-04-06 17:27:57,688,5,-364.57,65,0,5,0,688,1.8334,5,10,4,4,12,12,18,0.1275,0.0912,0.0667,0.0841,0.2040,0.2710,0.1555
2026-04-06 17:29:27,689,5,-63.12,98,0,5,0,689,1.8334,14,7,8,8,22,24,15,0.1265,0.0917,0.0662,0.0835,0.2042,0.2720,0.1559
2026-04-06 17:30:59,690,5,-62.43,100,0,5,0,690,1.8334,12,7,9,10,18,29,15,0.1265,0.0918,0.0661,0.0835,0.2042,0.2720,0.1559
2026-04-06 17:32:21,691,5,-482.69,83,0,5,0,691,1.8334,16,9,4,9,14,21,10,0.1277,0.0927,0.0667,0.0848,0.2027,0.2693,0.1560
2026-04-06 17:33:38,692,5,-392.70,71,0,5,0,692,1.8362,8,9,5,7,11,22,9,0.1265,0.0917,0.0660,0.0834,0.2043,0.2723,0.1559
2026-04-06 17:35:32,693,5,-455.89,147,0,5,0,693,1.8362,24,7,11,5,27,43,30,0.1268,0.0936,0.0670,0.0845,0.2027,0.2689,0.1566
2026-04-06 17:37:52,694,5,82.60,181,0,5,0,694,1.8362,22,21,18,12,31,50,27,0.1269,0.0934,0.0662,0.0842,0.2027,0.2703,0.1564
2026-04-06 17:40:03,695,5,490.14,175,0,5,0,695,1.8362,23,17,8,12,25,59,31,0.1259,0.0928,0.0659,0.0833,0.2037,0.2719,0.1565
2026-04-06 17:42:33,696,5,-15.32,209,0,5,0,696,1.8368,27,15,18,22,43,54,30,0.1263,0.0933,0.0658,0.0841,0.2028,0.2711,0.1566
2026-04-06 17:44:22,697,5,-174.25,129,0,5,0,697,1.8368,13,15,6,13,19,41,22,0.1257,0.0942,0.0663,0.0841,0.2023,0.2706,0.1568
2026-04-06 17:45:52,698,5,-293.46,97,0,5,0,698,1.8368,10,7,6,7,25,30,12,0.1256,0.0942,0.0665,0.0841,0.2024,0.2706,0.1566
2026-04-06 17:47:21,699,5,-308.90,95,0,5,0,699,1.8368,12,13,4,7,17,27,15,0.1262,0.0946,0.0663,0.0848,0.2017,0.2693,0.1570
2026-04-06 17:49:15,700,5,-110.96,146,0,5,0,700,1.8392,25,11,8,8,29,40,25,0.1263,0.0951,0.0669,0.0855,0.2014,0.2686,0.1563
2026-04-06 17:50:40,701,5,-484.96,85,0,5,0,701,1.8392,11,8,9,5,15,24,13,0.1255,0.0949,0.0662,0.0843,0.2019,0.2706,0.1565
2026-04-06 17:51:51,702,5,-470.55,62,0,5,0,702,1.8392,8,5,5,3,10,20,11,0.1264,0.0957,0.0669,0.0853,0.2009,0.2682,0.1567
2026-04-06 17:53:42,703,5,-98.95,139,0,5,0,703,1.8392,18,10,9,11,36,33,22,0.1254,0.0949,0.0664,0.0844,0.2016,0.2706,0.1567
2026-04-06 17:55:10,704,5,5.75,97,0,5,0,704,1.8399,17,9,3,8,23,25,12,0.1255,0.0950,0.0663,0.0844,0.2018,0.2705,0.1565
2026-04-06 17:56:31,705,5,-486.07,77,0,5,0,705,1.8399,6,8,7,6,19,21,10,0.1251,0.0952,0.0658,0.0844,0.2017,0.2715,0.1562
2026-04-06 17:59:09,706,5,193.15,235,0,5,0,706,1.8399,41,13,13,22,38,63,45,0.1249,0.0950,0.0657,0.0842,0.2017,0.2722,0.1563
2026-04-06 18:00:49,707,5,-26.90,116,0,5,0,707,1.8399,13,9,8,9,27,30,20,0.1264,0.0971,0.0676,0.0865,0.1995,0.2665,0.1564
2026-04-06 18:02:53,708,5,-173.31,157,0,5,0,708,1.8386,23,17,11,12,26,43,25,0.1250,0.0952,0.0658,0.0843,0.2017,0.2718,0.1562
2026-04-06 18:04:34,709,5,335.89,114,0,5,0,709,1.8386,14,17,5,9,19,31,19,0.1263,0.0966,0.0664,0.0861,0.2003,0.2689,0.1554
2026-04-06 18:07:12,710,5,231.82,221,0,5,0,710,1.8386,26,21,14,16,43,69,32,0.1262,0.0958,0.0655,0.0854,0.2005,0.2710,0.1557
2026-04-06 18:08:43,711,5,-2.64,94,0,5,0,711,1.8386,9,12,8,7,13,26,19,0.1251,0.0950,0.0648,0.0841,0.2019,0.2738,0.1554
2026-04-06 18:10:43,712,5,-8.70,146,0,5,0,712,1.8366,17,12,17,11,34,34,21,0.1252,0.0951,0.0649,0.0842,0.2017,0.2735,0.1555
2026-04-06 18:12:45,713,5,-307.48,157,0,5,0,713,1.8366,21,16,9,16,36,42,17,0.1270,0.0972,0.0661,0.0864,0.1996,0.2688,0.1548
2026-04-06 18:14:15,714,5,-161.06,96,0,5,0,714,1.8366,11,11,5,7,22,22,18,0.1257,0.0954,0.0644,0.0844,0.2012,0.2737,0.1552
2026-04-06 18:16:02,715,5,-170.06,130,0,5,0,715,1.8366,18,10,8,12,22,38,22,0.1257,0.0953,0.0643,0.0843,0.2014,0.2740,0.1550
2026-04-06 18:17:27,716,5,-303.22,86,0,5,0,716,1.8366,9,9,6,5,15,26,16,0.1269,0.0972,0.0661,0.0864,0.1996,0.2691,0.1548
2026-04-06 18:19:41,717,5,274.87,179,0,5,0,717,1.8366,27,18,11,16,41,43,23,0.1256,0.0950,0.0634,0.0840,0.2012,0.2763,0.1546
2026-04-06 18:21:38,718,5,429.86,148,0,5,0,718,1.8366,12,11,10,8,27,50,30,0.1257,0.0950,0.0635,0.0840,0.2011,0.2760,0.1546
2026-04-06 18:23:16,719,5,309.37,109,0,5,0,719,1.8366,13,14,7,10,22,29,14,0.1256,0.0949,0.0634,0.0840,0.2013,0.2762,0.1545
2026-04-06 18:24:57,720,5,79.76,117,0,5,0,720,1.8340,12,8,9,18,25,29,16,0.1259,0.0954,0.0634,0.0846,0.2006,0.2755,0.1545
2026-04-06 18:26:54,721,5,221.82,154,0,5,0,721,1.8340,25,12,6,12,31,39,29,0.1259,0.0952,0.0630,0.0840,0.2009,0.2769,0.1541
2026-04-06 18:28:19,722,5,-387.87,87,0,5,0,722,1.8340,8,9,4,7,19,27,13,0.1268,0.0961,0.0632,0.0850,0.2000,0.2748,0.1541
2026-04-06 18:29:49,723,5,-139.06,100,0,5,0,723,1.8340,15,11,2,11,23,34,4,0.1269,0.0964,0.0635,0.0854,0.2001,0.2744,0.1533
2026-04-06 18:31:32,724,5,-6.60,118,0,5,0,724,1.8337,16,11,11,4,20,33,23,0.1259,0.0952,0.0630,0.0841,0.2009,0.2767,0.1542
2026-04-06 18:33:27,725,5,87.64,138,0,5,0,725,1.8337,17,17,10,12,29,41,12,0.1286,0.0948,0.0614,0.0847,0.2005,0.2763,0.1536
