timestamp,episode,reward,entropy,loss,steps,deaths,p1_lives,p2_lives,p1_wins,p2_wins,r_damage_dealt,r_damage_taken,r_time_penalty,r_offstage_penalty,r_suicide_penalty,r_death_penalty,r_kill_reward,count_neutral,count_move_left,count_move_right,count_jump,count_light,count_heavy,count_dodge,count_left_heavy,count_right_heavy,count_left_light,count_right_light,prob_neutral,prob_move_left,prob_move_right,prob_jump,prob_light,prob_heavy,prob_dodge,prob_left_heavy,prob_right_heavy,prob_left_light,prob_right_light
2026-04-08 13:17:21,1,136.88,0.000000,0.000000,181,15,0,14,0,1,67.70,-37.82,0.00,-18.00,-150.00,-45.00,80.00,9,9,14,11,26,10,8,22,20,37,15,0.0490,0.0622,0.0688,0.0788,0.1626,0.0700,0.0604,0.1168,0.0933,0.1488,0.0894
2026-04-08 13:21:22,2,-190.38,0.000000,0.000000,157,16,0,14,0,2,19.35,-37.92,0.00,-16.80,-150.00,-45.00,10.00,10,7,8,14,22,11,15,19,12,21,18,0.0468,0.0585,0.0691,0.0763,0.1775,0.0676,0.0574,0.1120,0.0919,0.1510,0.0919
2026-04-08 13:24:30,3,-182.92,0.000000,0.000000,102,15,0,14,0,3,25.10,-38.02,0.00,-15.00,-150.00,-45.00,10.00,1,5,7,6,17,10,6,11,12,15,12,0.0484,0.0601,0.0694,0.0776,0.1695,0.0687,0.0586,0.1130,0.0929,0.1510,0.0909
2026-04-08 13:28:28,4,-225.15,2.303479,376.229187,165,15,0,15,0,4,30.00,-38.55,0.00,-21.60,-150.00,-45.00,0.00,11,13,14,6,45,10,7,11,8,27,13,0.0479,0.0607,0.0687,0.0777,0.1679,0.0684,0.0594,0.1159,0.0932,0.1507,0.0895
2026-04-08 13:32:01,5,-212.30,2.303479,376.229187,135,15,0,15,0,5,41.80,-37.50,0.00,-21.60,-150.00,-45.00,0.00,9,12,9,11,22,7,8,15,10,18,14,0.0506,0.0653,0.0680,0.0793,0.1650,0.0668,0.0589,0.1162,0.0927,0.1458,0.0915
2026-04-08 13:36:46,6,-111.45,2.303479,376.229187,193,16,0,14,0,6,60.45,-37.70,0.00,-19.20,-150.00,-45.00,20.00,4,4,11,13,38,12,17,24,15,30,25,0.0517,0.0659,0.0685,0.0791,0.1606,0.0676,0.0601,0.1159,0.0939,0.1461,0.0906
2026-04-08 13:41:04,7,-124.10,2.303479,376.229187,171,16,0,14,0,7,54.20,-38.10,0.00,-25.20,-150.00,-45.00,20.00,7,14,7,13,20,10,21,22,22,18,17,0.0452,0.0566,0.0679,0.0745,0.1864,0.0664,0.0557,0.1120,0.0909,0.1523,0.0919
2026-04-08 13:44:53,8,-117.85,2.302778,305.491150,152,15,0,14,0,8,55.65,-37.50,0.00,-21.00,-150.00,-45.00,20.00,8,11,9,13,21,16,11,15,14,20,14,0.0476,0.0612,0.0670,0.0765,0.1767,0.0627,0.0552,0.1136,0.0937,0.1532,0.0926
2026-04-08 13:48:10,9,-233.47,2.302778,305.491150,114,15,0,15,0,9,17.35,-37.83,0.00,-18.00,-150.00,-45.00,0.00,5,2,9,5,22,10,6,10,8,21,16,0.0454,0.0574,0.0676,0.0745,0.1831,0.0667,0.0570,0.1142,0.0912,0.1520,0.0909
2026-04-08 13:51:14,10,-216.05,2.302778,305.491150,107,15,0,15,0,10,38.05,-37.50,0.00,-21.60,-150.00,-45.00,0.00,7,4,10,8,20,4,7,14,8,15,10,0.0501,0.0642,0.0675,0.0776,0.1654,0.0659,0.0587,0.1169,0.0943,0.1493,0.0899
2026-04-08 13:54:40,11,-175.27,2.302778,305.491150,129,15,0,14,0,11,35.55,-37.83,0.00,-18.00,-150.00,-45.00,10.00,5,12,12,7,24,9,9,11,8,20,12,0.0460,0.0583,0.0679,0.0752,0.1799,0.0676,0.0575,0.1140,0.0913,0.1514,0.0911
2026-04-08 13:57:58,12,-208.15,2.294100,440.006958,116,15,0,15,0,12,42.95,-37.50,0.00,-18.60,-150.00,-45.00,0.00,6,9,8,7,18,6,6,17,11,20,8,0.0514,0.0656,0.0678,0.0786,0.1616,0.0673,0.0598,0.1175,0.0937,0.1471,0.0896
2026-04-08 14:01:26,13,-218.85,2.294100,440.006958,128,15,0,15,0,13,34.05,-38.10,0.00,-19.80,-150.00,-45.00,0.00,4,6,13,15,19,9,6,18,7,16,15,0.0471,0.0586,0.0683,0.0750,0.1761,0.0683,0.0590,0.1149,0.0921,0.1505,0.0901
2026-04-08 14:04:44,14,-185.55,2.294100,440.006958,120,15,0,14,0,14,24.85,-38.00,0.00,-17.40,-150.00,-45.00,10.00,3,7,7,9,31,5,10,6,6,22,14,0.0458,0.0598,0.0657,0.0754,0.1843,0.0617,0.0538,0.1140,0.0924,0.1544,0.0928
2026-04-08 14:08:18,15,-155.62,2.294100,440.006958,133,15,0,14,0,15,43.50,-35.53,0.00,-21.60,-140.00,-42.00,10.00,6,8,7,9,23,13,6,21,9,23,8,0.0512,0.0649,0.0679,0.0803,0.1640,0.0682,0.0592,0.1163,0.0926,0.1443,0.0909
2026-04-08 14:12:12,16,-130.57,2.292467,363.392517,149,15,0,15,0,16,47.20,-38.77,0.00,-24.00,-150.00,-45.00,20.00,7,11,12,13,24,6,5,19,13,26,13,0.0468,0.0597,0.0680,0.0759,0.1730,0.0691,0.0591,0.1165,0.0918,0.1496,0.0904
2026-04-08 14:16:06,17,-167.67,2.292467,363.392517,156,15,0,15,0,17,44.35,-37.82,0.00,-19.20,-150.00,-45.00,10.00,11,12,14,14,23,6,7,21,16,18,14,0.0466,0.0594,0.0677,0.0756,0.1745,0.0688,0.0588,0.1166,0.0917,0.1500,0.0903
2026-04-08 14:19:08,18,-210.57,2.292467,363.392517,102,15,0,15,0,18,37.40,-37.98,0.00,-15.00,-150.00,-45.00,0.00,7,6,11,4,15,2,8,13,7,22,7,0.0448,0.0573,0.0666,0.0739,0.1839,0.0664,0.0568,0.1161,0.0910,0.1533,0.0899
2026-04-08 14:22:19,19,-215.87,2.292467,363.392517,118,15,0,15,0,19,32.55,-37.83,0.00,-15.60,-150.00,-45.00,0.00,5,15,9,10,26,6,6,6,5,24,6,0.0463,0.0579,0.0679,0.0751,0.1793,0.0677,0.0582,0.1151,0.0912,0.1509,0.0904
2026-04-08 14:25:52,20,-151.25,2.292933,384.322144,129,15,0,15,0,20,60.05,-37.70,0.00,-18.60,-150.00,-45.00,10.00,2,10,10,11,19,9,9,21,6,18,14,0.0543,0.0661,0.0704,0.0808,0.1551,0.0707,0.0632,0.1152,0.0931,0.1417,0.0894
2026-04-08 14:29:21,21,-81.05,2.292933,384.322144,130,15,0,14,0,21,49.00,-37.65,0.00,-17.40,-150.00,-45.00,30.00,5,9,8,5,33,8,6,17,10,24,5,0.0519,0.0651,0.0687,0.0805,0.1647,0.0685,0.0595,0.1146,0.0915,0.1421,0.0928
2026-04-08 14:32:51,22,-187.05,2.292933,384.322144,123,15,0,14,0,22,25.25,-38.70,0.00,-18.60,-150.00,-45.00,10.00,7,3,5,6,22,6,7,15,13,29,10,0.0449,0.0586,0.0652,0.0747,0.1880,0.0613,0.0533,0.1141,0.0922,0.1554,0.0923
2026-04-08 14:36:22,23,-214.50,2.292933,384.322144,128,15,0,15,0,23,34.95,-37.65,0.00,-16.80,-150.00,-45.00,0.00,5,7,6,7,28,9,4,20,13,18,11,0.0451,0.0581,0.0663,0.0744,0.1807,0.0667,0.0572,0.1173,0.0914,0.1534,0.0893
2026-04-08 14:39:16,24,-215.00,2.289051,480.119354,91,15,0,15,0,24,34.50,-37.70,0.00,-16.80,-150.00,-45.00,0.00,2,5,5,2,19,4,7,14,8,14,11,0.0445,0.0572,0.0662,0.0737,0.1851,0.0662,0.0565,0.1166,0.0908,0.1536,0.0897
2026-04-08 14:43:18,25,-141.30,2.289051,480.119354,160,15,0,15,0,25,33.75,-38.45,0.00,-21.60,-150.00,-45.00,20.00,9,5,12,13,30,10,8,13,17,29,14,0.0456,0.0590,0.0662,0.0750,0.1768,0.0675,0.0579,0.1189,0.0917,0.1527,0.0887
2026-04-08 14:47:45,26,-46.92,2.289051,480.119354,178,16,0,14,0,26,37.60,-38.13,0.00,-11.40,-150.00,-45.00,40.00,4,9,16,16,33,9,11,22,16,29,13,0.0409,0.0541,0.0630,0.0715,0.2009,0.0613,0.0512,0.1161,0.0894,0.1615,0.0900
2026-04-08 14:52:12,27,-126.57,2.289051,480.119354,186,16,0,14,0,27,45.20,-38.77,0.00,-18.00,-150.00,-45.00,20.00,11,13,13,11,36,11,11,20,13,28,19,0.0438,0.0565,0.0654,0.0733,0.1887,0.0650,0.0551,0.1160,0.0905,0.1559,0.0898
2026-04-08 14:56:27,28,-33.80,2.292784,334.030853,171,16,0,14,0,28,52.90,-37.90,0.00,-13.80,-150.00,-45.00,40.00,9,7,10,14,33,8,12,20,8,24,26,0.0438,0.0566,0.0655,0.0733,0.1889,0.0653,0.0555,0.1161,0.0903,0.1549,0.0898
2026-04-08 15:00:27,29,-176.10,2.292784,334.030853,154,16,0,14,0,29,35.40,-37.90,0.00,-18.60,-150.00,-45.00,10.00,9,8,11,8,26,12,8,20,17,25,10,0.0465,0.0606,0.0659,0.0759,0.1803,0.0633,0.0554,0.1150,0.0930,0.1525,0.0916
2026-04-08 15:04:11,30,-161.05,2.292784,334.030853,141,16,0,14,0,30,49.75,-37.80,0.00,-18.00,-150.00,-45.00,10.00,7,12,10,9,26,9,6,15,16,21,10,0.0457,0.0596,0.0654,0.0752,0.1845,0.0620,0.0539,0.1145,0.0927,0.1546,0.0918
2026-04-08 15:08:16,31,-124.12,2.292784,334.030853,166,15,0,14,0,31,44.30,-37.83,0.00,-15.60,-150.00,-45.00,20.00,6,9,15,10,37,6,12,18,18,22,13,0.0491,0.0647,0.0662,0.0792,0.1730,0.0663,0.0571,0.1154,0.0905,0.1451,0.0934
2026-04-08 15:11:15,32,-210.72,2.286165,310.983276,100,15,0,15,0,32,35.30,-37.83,0.00,-13.20,-150.00,-45.00,0.00,5,8,6,5,21,4,5,13,7,17,9,0.0485,0.0630,0.0664,0.0762,0.1726,0.0649,0.0575,0.1176,0.0931,0.1500,0.0902
2026-04-08 15:14:32,33,-210.45,2.286165,310.983276,118,15,0,15,0,33,39.85,-37.90,0.00,-17.40,-150.00,-45.00,0.00,4,13,6,10,24,6,3,16,10,19,7,0.0456,0.0575,0.0672,0.0742,0.1822,0.0674,0.0573,0.1149,0.0912,0.1522,0.0904
2026-04-08 15:18:02,34,-164.80,2.286165,310.983276,136,15,0,14,0,34,44.50,-37.50,0.00,-16.80,-150.00,-45.00,10.00,5,9,10,10,38,9,4,11,6,21,13,0.0444,0.0583,0.0648,0.0747,0.1906,0.0611,0.0528,0.1140,0.0918,0.1550,0.0925
2026-04-08 15:22:00,35,-94.45,2.286165,310.983276,153,15,0,14,0,35,39.80,-39.45,0.00,-19.80,-150.00,-45.00,30.00,6,7,10,7,24,17,6,20,12,28,16,0.0468,0.0609,0.0660,0.0759,0.1793,0.0635,0.0557,0.1153,0.0931,0.1522,0.0914
2026-04-08 15:25:16,36,-172.90,2.289171,366.770569,112,15,0,15,0,36,41.20,-37.50,0.00,-21.60,-150.00,-45.00,10.00,4,9,4,4,27,3,5,12,9,26,9,0.0459,0.0590,0.0669,0.0749,0.1774,0.0681,0.0584,0.1174,0.0914,0.1510,0.0897
2026-04-08 15:29:05,37,-41.60,2.289171,366.770569,146,16,0,14,0,37,46.50,-37.50,0.00,-15.60,-150.00,-45.00,40.00,7,6,11,7,38,5,8,22,9,25,8,0.0418,0.0536,0.0650,0.0713,0.2026,0.0635,0.0524,0.1131,0.0890,0.1564,0.0913
2026-04-08 15:33:24,38,-124.35,2.289171,366.770569,170,16,0,14,0,38,41.95,-37.50,0.00,-13.80,-150.00,-45.00,20.00,11,10,13,7,29,10,7,22,12,36,13,0.0472,0.0593,0.0669,0.0744,0.1734,0.0678,0.0592,0.1186,0.0926,0.1531,0.0876
2026-04-08 15:36:56,39,-199.07,2.289171,366.770569,132,15,0,15,0,39,53.55,-37.82,0.00,-19.80,-150.00,-45.00,0.00,3,3,9,10,35,8,5,17,17,13,12,0.0448,0.0581,0.0661,0.0742,0.1821,0.0668,0.0572,0.1177,0.0911,0.1528,0.0892
2026-04-08 15:40:50,40,-179.65,2.291607,329.879181,153,15,0,15,0,40,35.90,-39.55,0.00,-21.00,-150.00,-45.00,10.00,6,9,4,12,34,11,8,16,15,24,14,0.0485,0.0605,0.0684,0.0763,0.1689,0.0702,0.0603,0.1159,0.0922,0.1491,0.0896
2026-04-08 15:44:13,41,-187.57,2.291607,329.879181,121,15,0,14,0,41,28.10,-38.48,0.00,-22.20,-150.00,-45.00,10.00,4,5,12,8,24,9,2,16,11,16,14,0.0451,0.0574,0.0667,0.0740,0.1847,0.0670,0.0569,0.1148,0.0906,0.1522,0.0906
2026-04-08 15:48:16,42,-177.75,2.291607,329.879181,160,15,0,14,0,42,36.75,-39.10,0.00,-20.40,-150.00,-45.00,10.00,6,6,13,20,32,6,5,24,11,21,16,0.0501,0.0616,0.0692,0.0793,0.1702,0.0679,0.0597,0.1097,0.0928,0.1467,0.0928
2026-04-08 15:52:01,43,-120.85,2.291607,329.879181,141,15,0,14,0,43,34.90,-35.15,0.00,-18.60,-140.00,-42.00,20.00,6,15,9,10,21,10,5,15,15,24,11,0.0504,0.0643,0.0672,0.0797,0.1674,0.0677,0.0586,0.1168,0.0923,0.1448,0.0908
2026-04-08 15:56:01,44,-97.72,2.286345,336.579132,157,15,0,13,0,44,32.85,-38.17,0.00,-17.40,-150.00,-45.00,30.00,1,12,15,10,36,6,9,16,14,24,14,0.0456,0.0594,0.0655,0.0753,0.1863,0.0621,0.0538,0.1135,0.0924,0.1536,0.0925
2026-04-08 15:59:35,45,-215.95,2.286345,336.579132,134,15,0,15,0,45,35.15,-37.50,0.00,-18.60,-150.00,-45.00,0.00,6,14,10,10,18,7,10,20,8,22,9,0.0448,0.0570,0.0667,0.0736,0.1861,0.0667,0.0568,0.1150,0.0907,0.1521,0.0905
2026-04-08 16:04:13,46,-160.05,2.286345,336.579132,189,16,0,14,0,46,57.10,-39.95,0.00,-22.20,-150.00,-45.00,10.00,9,11,15,20,26,9,10,22,17,33,17,0.0437,0.0564,0.0653,0.0731,0.1900,0.0653,0.0554,0.1162,0.0902,0.1546,0.0898
2026-04-08 16:08:36,47,-135.77,2.286345,336.579132,178,16,0,14,0,47,35.45,-38.82,0.00,-17.40,-150.00,-45.00,20.00,9,14,15,13,26,8,14,25,18,19,17,0.0425,0.0537,0.0653,0.0719,0.2005,0.0640,0.0526,0.1124,0.0894,0.1561,0.0917
2026-04-08 16:11:45,48,-226.95,2.290559,359.526855,115,15,0,15,0,48,24.15,-37.50,0.00,-18.60,-150.00,-45.00,0.00,11,2,11,9,21,9,4,8,12,19,9,0.0443,0.0573,0.0658,0.0736,0.1856,0.0663,0.0566,0.1171,0.0908,0.1533,0.0894
2026-04-08 16:15:52,49,-165.17,2.290559,359.526855,168,15,0,14,0,49,49.35,-38.52,0.00,-21.00,-150.00,-45.00,10.00,11,10,14,10,35,8,7,28,11,20,14,0.0461,0.0583,0.0674,0.0747,0.1799,0.0682,0.0576,0.1144,0.0913,0.1514,0.0908
2026-04-08 16:19:29,50,-50.62,2.290559,359.526855,143,15,0,15,0,50,44.55,-37.98,0.00,-22.20,-150.00,-45.00,40.00,8,6,8,12,31,13,8,16,12,25,4,0.0561,0.0678,0.0700,0.0821,0.1520,0.0717,0.0630,0.1137,0.0935,0.1407,0.0895
2026-04-08 16:22:59,51,-205.55,2.290559,359.526855,127,15,0,15,0,51,47.35,-37.50,0.00,-20.40,-150.00,-45.00,0.00,4,9,10,9,16,8,9,14,15,19,14,0.0533,0.0656,0.0714,0.0807,0.1614,0.0698,0.0616,0.1112,0.0913,0.1405,0.0931
2026-04-08 16:26:47,52,-211.50,2.293300,329.743835,146,15,0,15,0,52,40.20,-37.50,0.00,-19.20,-150.00,-45.00,0.00,6,10,9,11,24,12,6,22,14,22,10,0.0455,0.0588,0.0664,0.0747,0.1786,0.0679,0.0582,0.1180,0.0914,0.1512,0.0893
2026-04-08 16:30:30,53,-136.62,2.293300,329.743835,136,16,0,14,0,53,32.35,-37.77,0.00,-16.20,-150.00,-45.00,20.00,4,6,16,7,23,11,6,12,12,28,11,0.0507,0.0650,0.0670,0.0779,0.1658,0.0670,0.0588,0.1173,0.0934,0.1475,0.0897
2026-04-08 16:34:38,54,-163.47,2.293300,329.743835,161,15,0,14,0,54,46.40,-38.67,0.00,-16.20,-150.00,-45.00,10.00,3,11,10,11,28,14,8,25,12,28,11,0.0527,0.0656,0.0708,0.0835,0.1649,0.0692,0.0586,0.1077,0.0915,0.1393,0.0960
2026-04-08 16:39:16,55,-167.70,2.293300,329.743835,201,15,0,14,0,55,46.40,-37.50,0.00,-21.60,-150.00,-45.00,10.00,12,11,18,16,43,10,8,23,16,32,12,0.0482,0.0631,0.0662,0.0771,0.1759,0.0648,0.0563,0.1155,0.0925,0.1487,0.0918
2026-04-08 16:42:51,56,-207.03,2.289335,266.462860,135,15,0,15,0,56,40.90,-37.92,0.00,-15.00,-150.00,-45.00,0.00,5,5,10,6,28,10,11,26,11,14,9,0.0447,0.0585,0.0659,0.0742,0.1820,0.0666,0.0571,0.1180,0.0906,0.1525,0.0898
2026-04-08 16:46:48,57,-6.70,2.289335,266.462860,156,15,0,15,0,57,48.50,-38.00,0.00,-22.20,-150.00,-45.00,50.00,6,7,9,9,35,7,13,24,14,20,12,0.0542,0.0660,0.0699,0.0813,0.1576,0.0708,0.0625,0.1143,0.0926,0.1402,0.0907
2026-04-08 16:50:35,58,-183.17,2.289335,266.462860,139,15,0,14,0,58,29.45,-37.83,0.00,-19.80,-150.00,-45.00,10.00,5,6,5,11,21,7,13,17,17,22,15,0.0418,0.0540,0.0644,0.0714,0.2009,0.0632,0.0525,0.1143,0.0894,0.1577,0.0903
2026-04-08 16:54:30,59,-124.37,2.289335,266.462860,158,15,0,14,0,59,45.15,-38.33,0.00,-16.20,-150.00,-45.00,20.00,8,13,8,13,26,11,12,19,9,27,12,0.0465,0.0598,0.0663,0.0755,0.1746,0.0677,0.0581,0.1179,0.0923,0.1531,0.0883
2026-04-08 16:57:52,60,-212.85,2.289420,363.906036,122,15,0,15,0,60,42.25,-38.50,0.00,-21.60,-150.00,-45.00,0.00,6,6,14,5,19,9,9,13,8,19,14,0.0483,0.0637,0.0663,0.0777,0.1752,0.0656,0.0570,0.1166,0.0914,0.1459,0.0923
2026-04-08 17:01:50,61,-134.78,2.289420,363.906036,156,15,0,13,0,61,41.30,-38.27,0.00,-22.80,-150.00,-45.00,20.00,7,14,17,10,27,6,7,20,12,22,14,0.0459,0.0577,0.0674,0.0744,0.1833,0.0679,0.0575,0.1130,0.0910,0.1505,0.0914
2026-04-08 17:05:26,62,-206.60,2.289420,363.906036,138,15,0,15,0,62,39.60,-38.00,0.00,-13.20,-150.00,-45.00,0.00,6,7,11,11,33,8,2,14,15,21,10,0.0502,0.0652,0.0668,0.0778,0.1680,0.0670,0.0590,0.1180,0.0920,0.1455,0.0906
2026-04-08 17:08:36,63,-176.97,2.289420,363.906036,105,15,0,15,0,63,30.25,-37.83,0.00,-14.40,-150.00,-45.00,10.00,5,6,7,9,15,6,2,18,9,21,7,0.0508,0.0656,0.0669,0.0771,0.1657,0.0671,0.0595,0.1184,0.0925,0.1464,0.0899
2026-04-08 17:12:44,64,-183.12,2.287525,321.175415,162,15,0,14,0,64,28.35,-39.07,0.00,-17.40,-150.00,-45.00,10.00,7,9,12,12,32,7,4,26,19,19,15,0.0437,0.0560,0.0656,0.0729,0.1914,0.0655,0.0554,0.1150,0.0902,0.1540,0.0902
2026-04-08 17:16:33,65,-10.45,2.287525,321.175415,153,15,0,15,0,65,41.00,-38.45,0.00,-18.00,-150.00,-45.00,50.00,10,8,11,13,29,7,10,12,16,26,11,0.0510,0.0636,0.0672,0.0797,0.1655,0.0678,0.0602,0.1182,0.0930,0.1453,0.0885
2026-04-08 17:19:56,66,-222.50,2.287525,321.175415,121,15,0,15,0,66,23.80,-37.50,0.00,-13.80,-150.00,-45.00,0.00,5,9,5,9,22,7,5,12,15,19,13,0.0461,0.0592,0.0659,0.0750,0.1760,0.0670,0.0580,0.1181,0.0923,0.1542,0.0881
2026-04-08 17:23:44,67,38.38,2.287525,321.175415,148,15,0,14,0,67,45.35,-37.58,0.00,-14.40,-150.00,-45.00,60.00,2,8,14,15,24,12,10,17,18,20,8,0.0404,0.0528,0.0634,0.0705,0.2079,0.0618,0.0511,0.1142,0.0886,0.1589,0.0903
2026-04-08 17:26:56,68,-174.90,2.289765,528.446838,111,15,0,14,0,68,34.60,-37.70,0.00,-16.80,-150.00,-45.00,10.00,8,4,6,4,24,5,3,13,17,17,10,0.0452,0.0574,0.0674,0.0745,0.1871,0.0669,0.0568,0.1130,0.0899,0.1497,0.0922
2026-04-08 17:30:36,69,-202.30,2.289765,528.446838,142,15,0,15,0,69,46.40,-38.10,0.00,-15.60,-150.00,-45.00,0.00,6,6,15,12,27,10,7,14,12,25,8,0.0444,0.0579,0.0657,0.0741,0.1832,0.0666,0.0571,0.1182,0.0913,0.1528,0.0888
2026-04-08 17:34:40,70,-174.25,2.289765,528.446838,146,16,0,14,0,70,38.25,-38.30,0.00,-19.20,-150.00,-45.00,10.00,0,10,11,6,26,6,6,17,16,30,18,0.0451,0.0583,0.0661,0.0745,0.1821,0.0671,0.0577,0.1168,0.0913,0.1518,0.0893
2026-04-08 17:38:38,71,-123.60,2.289765,528.446838,155,15,0,13,0,71,51.60,-38.00,0.00,-22.20,-150.00,-45.00,20.00,7,5,10,9,27,9,15,26,19,22,6,0.0510,0.0650,0.0674,0.0775,0.1654,0.0672,0.0595,0.1164,0.0939,0.1467,0.0899
2026-04-08 17:42:14,72,-218.95,2.289519,288.110870,140,15,0,15,0,72,35.75,-37.50,0.00,-22.20,-150.00,-45.00,0.00,6,9,9,7,30,6,17,11,14,21,10,0.0508,0.0665,0.0667,0.0773,0.1667,0.0666,0.0585,0.1171,0.0923,0.1467,0.0909
2026-04-08 17:45:27,73,-184.85,2.289519,288.110870,111,15,0,14,0,73,26.85,-37.50,0.00,-19.20,-150.00,-45.00,10.00,5,7,10,4,22,4,5,15,11,17,11,0.0456,0.0596,0.0654,0.0759,0.1865,0.0624,0.0540,0.1137,0.0926,0.1523,0.0920
2026-04-08 17:49:38,74,-142.00,2.289519,288.110870,174,15,0,14,0,74,28.70,-37.70,0.00,-18.00,-150.00,-45.00,20.00,6,14,13,13,37,14,7,17,14,24,15,0.0520,0.0664,0.0674,0.0790,0.1620,0.0681,0.0594,0.1169,0.0933,0.1458,0.0897
2026-04-08 17:53:14,75,-242.52,2.289519,288.110870,130,15,0,15,0,75,13.90,-38.03,0.00,-23.40,-150.00,-45.00,0.00,4,6,6,9,21,9,10,17,17,19,12,0.0427,0.0556,0.0645,0.0724,0.1938,0.0642,0.0550,0.1171,0.0901,0.1555,0.0889
2026-04-08 17:58:09,76,42.10,2.286415,389.516785,210,15,0,14,0,76,56.90,-37.60,0.00,-22.20,-150.00,-45.00,60.00,10,11,7,16,43,13,12,26,13,36,23,0.0459,0.0595,0.0665,0.0754,0.1761,0.0682,0.0583,0.1178,0.0920,0.1512,0.0890
2026-04-08 18:01:21,77,-226.15,2.286415,389.516785,108,15,0,15,0,77,28.55,-37.50,0.00,-22.20,-150.00,-45.00,0.00,6,10,3,5,16,7,5,9,16,18,13,0.0438,0.0560,0.0660,0.0730,0.1908,0.0659,0.0560,0.1148,0.0905,0.1529,0.0904
2026-04-08 18:05:05,78,-226.95,2.286415,389.516785,143,15,0,15,0,78,21.75,-37.50,0.00,-16.20,-150.00,-45.00,0.00,8,10,9,7,30,7,7,15,19,20,11,0.0444,0.0571,0.0659,0.0738,0.1855,0.0663,0.0564,0.1166,0.0912,0.1537,0.0892
2026-04-08 18:08:58,79,-10.30,2.286415,389.516785,155,15,0,14,0,79,43.60,-37.90,0.00,-21.00,-150.00,-45.00,50.00,10,14,14,9,26,9,7,15,14,19,18,0.0449,0.0597,0.0649,0.0736,0.1921,0.0608,0.0529,0.1141,0.0916,0.1529,0.0925
2026-04-08 18:12:14,80,-229.32,2.283930,443.610748,118,15,0,15,0,80,21.35,-38.27,0.00,-17.40,-150.00,-45.00,0.00,5,8,6,6,25,5,12,12,8,24,7,0.0514,0.0630,0.0695,0.0797,0.1655,0.0691,0.0613,0.1125,0.0929,0.1439,0.0911
2026-04-08 18:17:35,81,-177.05,2.283930,443.610748,239,16,0,14,0,81,39.15,-38.40,0.00,-22.80,-150.00,-45.00,10.00,15,11,12,18,48,18,14,33,26,31,13,0.0461,0.0586,0.0664,0.0751,0.1789,0.0679,0.0588,0.1159,0.0919,0.1510,0.0895
2026-04-08 18:21:07,82,-214.70,2.283930,443.610748,128,15,0,15,0,82,36.00,-37.70,0.00,-18.00,-150.00,-45.00,0.00,4,6,5,14,23,7,6,19,11,23,10,0.0454,0.0581,0.0670,0.0746,0.1814,0.0679,0.0581,0.1156,0.0914,0.1503,0.0902
2026-04-08 18:24:22,83,-224.05,2.283930,443.610748,113,15,0,15,0,83,28.05,-37.90,0.00,-19.20,-150.00,-45.00,0.00,4,9,8,7,19,5,7,14,8,20,12,0.0442,0.0565,0.0664,0.0734,0.1886,0.0664,0.0565,0.1147,0.0908,0.1521,0.0905
2026-04-08 18:27:48,84,-205.90,2.288746,320.733185,131,15,0,15,0,84,49.80,-37.90,0.00,-22.80,-150.00,-45.00,0.00,9,6,8,13,29,5,6,17,11,17,10,0.0460,0.0589,0.0674,0.0751,0.1780,0.0687,0.0588,0.1158,0.0917,0.1493,0.0902
2026-04-08 18:31:31,85,-229.65,2.288746,320.733185,140,15,0,15,0,85,23.05,-38.50,0.00,-19.20,-150.00,-45.00,0.00,6,10,13,6,20,12,8,16,9,33,7,0.0438,0.0564,0.0656,0.0733,0.1893,0.0658,0.0562,0.1161,0.0907,0.1531,0.0896
2026-04-08 18:35:25,86,-152.65,2.288746,320.733185,152,15,0,13,0,86,23.75,-38.00,0.00,-23.40,-150.00,-45.00,20.00,8,3,13,14,29,10,3,17,10,26,19,0.0443,0.0573,0.0650,0.0741,0.1863,0.0652,0.0552,0.1159,0.0911,0.1561,0.0894
2026-04-08 18:38:46,87,-235.75,2.288746,320.733185,121,15,0,15,0,87,17.75,-37.50,0.00,-21.00,-150.00,-45.00,0.00,7,7,6,4,23,6,11,19,9,21,8,0.0453,0.0572,0.0660,0.0723,0.1832,0.0658,0.0565,0.1180,0.0919,0.1562,0.0877
2026-04-08 18:43:08,88,-90.93,2.282954,319.738586,173,16,0,13,0,88,42.55,-39.27,0.00,-19.20,-150.00,-45.00,30.00,6,11,19,15,26,8,7,29,20,21,11,0.0458,0.0582,0.0664,0.0749,0.1818,0.0676,0.0581,0.1150,0.0914,0.1507,0.0900
2026-04-08 18:47:59,89,-179.57,2.282954,319.738586,205,16,0,14,0,89,40.20,-38.38,0.00,-26.40,-150.00,-45.00,10.00,8,11,20,17,30,12,18,30,18,23,18,0.0446,0.0577,0.0663,0.0742,0.1863,0.0665,0.0567,0.1153,0.0903,0.1514,0.0906
2026-04-08 18:51:43,90,-177.27,2.282954,319.738586,137,16,0,14,0,90,37.15,-37.83,0.00,-21.60,-150.00,-45.00,10.00,4,9,9,12,22,9,9,17,14,20,12,0.0449,0.0569,0.0645,0.0763,0.1869,0.0625,0.0551,0.1141,0.0934,0.1532,0.0921
2026-04-08 18:55:28,91,-84.52,2.282954,319.738586,146,15,0,15,0,91,44.50,-37.83,0.00,-16.20,-150.00,-45.00,30.00,6,10,8,7,25,14,11,16,12,26,11,0.0549,0.0662,0.0701,0.0786,0.1548,0.0701,0.0634,0.1149,0.0947,0.1440,0.0884
2026-04-08 18:58:56,92,-206.35,2.288522,330.345551,129,15,0,15,0,92,48.35,-38.10,0.00,-21.60,-150.00,-45.00,0.00,8,7,5,11,23,8,7,15,18,16,11,0.0440,0.0566,0.0658,0.0736,0.1883,0.0662,0.0565,0.1159,0.0908,0.1526,0.0898
2026-04-08 19:02:21,93,-176.65,2.288522,330.345551,130,15,0,14,0,93,34.05,-38.30,0.00,-17.40,-150.00,-45.00,10.00,7,7,9,9,31,9,6,15,6,20,11,0.0453,0.0571,0.0673,0.0744,0.1856,0.0676,0.0574,0.1129,0.0910,0.1499,0.0914
2026-04-08 19:06:19,94,-180.60,2.288522,330.345551,156,15,0,14,0,94,31.75,-38.75,0.00,-18.60,-150.00,-45.00,10.00,4,4,8,15,37,11,7,15,17,25,13,0.0487,0.0623,0.0667,0.0765,0.1729,0.0654,0.0578,0.1159,0.0945,0.1494,0.0898
2026-04-08 19:09:46,95,-215.40,2.288522,330.345551,123,15,0,15,0,95,31.05,-38.25,0.00,-13.20,-150.00,-45.00,0.00,4,3,3,11,24,6,9,14,15,23,11,0.0440,0.0570,0.0657,0.0738,0.1871,0.0662,0.0566,0.1167,0.0910,0.1526,0.0894
2026-04-08 19:12:55,96,-217.00,2.287054,339.897919,112,15,0,15,0,96,33.50,-37.50,0.00,-18.00,-150.00,-45.00,0.00,4,7,9,9,17,11,10,12,8,18,7,0.0486,0.0628,0.0663,0.0773,0.1735,0.0653,0.0573,0.1167,0.0933,0.1489,0.0900
2026-04-08 19:16:04,97,-215.82,2.287054,339.897919,102,15,0,15,0,97,29.55,-37.77,0.00,-12.60,-150.00,-45.00,0.00,5,5,2,5,15,6,5,14,10,24,11,0.0436,0.0568,0.0653,0.0736,0.1882,0.0657,0.0562,0.1172,0.0909,0.1532,0.0891
2026-04-08 19:19:41,98,-217.15,2.287054,339.897919,132,15,0,15,0,98,38.35,-37.70,0.00,-22.80,-150.00,-45.00,0.00,3,7,12,8,14,16,7,17,15,24,9,0.0480,0.0621,0.0667,0.0789,0.1744,0.0662,0.0574,0.1164,0.0928,0.1462,0.0911
2026-04-08 19:23:34,99,-213.07,2.287054,339.897919,150,15,0,15,0,99,44.40,-39.08,0.00,-23.40,-150.00,-45.00,0.00,8,14,7,14,24,4,6,27,13,18,15,0.0449,0.0580,0.0663,0.0746,0.1825,0.0673,0.0577,0.1168,0.0914,0.1512,0.0894
2026-04-08 19:27:19,100,-37.75,2.291575,393.859467,137,16,0,14,0,100,50.60,-37.75,0.00,-15.60,-150.00,-45.00,40.00,3,6,13,12,17,12,9,13,9,29,14,0.0449,0.0585,0.0650,0.0748,0.1911,0.0615,0.0534,0.1131,0.0925,0.1534,0.0919
2026-04-08 19:31:13,101,-180.12,2.291575,393.859467,153,16,0,14,0,101,36.20,-38.53,0.00,-22.80,-150.00,-45.00,10.00,10,10,8,12,32,8,8,12,11,23,19,0.0418,0.0538,0.0654,0.0721,0.2060,0.0635,0.0525,0.1105,0.0884,0.1525,0.0934
2026-04-08 19:35:45,102,-51.52,2.291575,393.859467,194,15,0,14,0,102,39.65,-38.77,0.00,-17.40,-150.00,-45.00,40.00,12,13,9,12,37,14,13,23,16,27,18,0.0453,0.0590,0.0661,0.0754,0.1784,0.0679,0.0581,0.1179,0.0919,0.1510,0.0892
2026-04-08 19:39:08,103,-218.00,2.291575,393.859467,119,15,0,15,0,103,33.25,-38.25,0.00,-18.00,-150.00,-45.00,0.00,6,8,7,9,16,8,4,18,11,22,10,0.0461,0.0585,0.0666,0.0741,0.1791,0.0675,0.0585,0.1173,0.0920,0.1516,0.0887
2026-04-08 19:42:26,104,-175.00,2.287366,318.980316,119,15,0,14,0,104,38.30,-37.90,0.00,-20.40,-150.00,-45.00,10.00,6,9,5,2,19,16,7,18,13,16,8,0.0402,0.0525,0.0632,0.0706,0.2097,0.0616,0.0514,0.1140,0.0886,0.1578,0.0903
2026-04-08 19:46:42,105,-188.32,2.287366,318.980316,172,16,0,14,0,105,28.50,-38.42,0.00,-23.40,-150.00,-45.00,10.00,10,9,8,13,34,9,11,23,13,30,12,0.0475,0.0616,0.0665,0.0771,0.1780,0.0648,0.0568,0.1145,0.0934,0.1484,0.0915
2026-04-08 19:50:50,106,2.05,2.287366,318.980316,161,16,0,14,0,106,55.65,-38.20,0.00,-20.40,-150.00,-45.00,50.00,5,18,11,12,26,9,9,23,16,17,15,0.0452,0.0574,0.0670,0.0746,0.1849,0.0675,0.0575,0.1138,0.0910,0.1502,0.0910
2026-04-08 19:53:44,107,-219.50,2.287366,318.980316,90,15,0,15,0,107,28.20,-37.70,0.00,-15.00,-150.00,-45.00,0.00,2,6,8,6,11,4,6,12,9,17,9,0.0460,0.0585,0.0675,0.0753,0.1794,0.0686,0.0589,0.1149,0.0917,0.1486,0.0906
2026-04-08 19:57:52,108,-172.57,2.288897,389.535980,163,15,0,14,0,108,43.65,-38.43,0.00,-22.80,-150.00,-45.00,10.00,3,5,14,13,35,7,9,22,16,25,14,0.0427,0.0543,0.0661,0.0725,0.1997,0.0651,0.0539,0.1114,0.0895,0.1524,0.0922
2026-04-08 20:01:42,109,-191.15,2.288897,389.535980,150,15,0,15,0,109,26.40,-38.55,0.00,-24.00,-150.00,-45.00,10.00,9,6,7,11,31,13,5,18,15,20,15,0.0461,0.0591,0.0674,0.0756,0.1773,0.0689,0.0592,0.1158,0.0918,0.1483,0.0904
2026-04-08 20:05:27,110,-182.70,2.288897,389.535980,140,15,0,14,0,110,22.00,-37.70,0.00,-12.00,-150.00,-45.00,10.00,5,7,11,8,31,5,6,26,13,20,8,0.0464,0.0607,0.0663,0.0777,0.1821,0.0642,0.0557,0.1136,0.0927,0.1477,0.0929
2026-04-08 20:09:12,111,-227.62,2.288897,389.535980,139,15,0,15,0,111,30.30,-38.33,0.00,-24.60,-150.00,-45.00,0.00,5,7,10,6,18,7,15,23,16,18,14,0.0476,0.0595,0.0680,0.0762,0.1729,0.0702,0.0613,0.1148,0.0926,0.1467,0.0904
2026-04-08 20:12:42,112,-217.00,2.286791,364.083984,124,15,0,15,0,112,32.65,-38.45,0.00,-16.20,-150.00,-45.00,0.00,3,7,8,11,21,6,4,19,13,18,14,0.0484,0.0627,0.0659,0.0782,0.1732,0.0654,0.0572,0.1180,0.0931,0.1480,0.0899
2026-04-08 20:16:02,113,-221.92,2.286791,364.083984,114,15,0,15,0,113,31.00,-38.12,0.00,-19.80,-150.00,-45.00,0.00,1,11,3,6,22,11,2,11,15,22,10,0.0536,0.0662,0.0696,0.0820,0.1604,0.0701,0.0612,0.1135,0.0922,0.1389,0.0923
2026-04-08 20:19:48,114,-200.72,2.286791,364.083984,137,16,0,14,0,114,19.80,-38.52,0.00,-27.00,-150.00,-45.00,10.00,4,4,12,13,16,8,13,13,14,28,12,0.0439,0.0557,0.0665,0.0734,0.1927,0.0660,0.0559,0.1126,0.0904,0.1513,0.0916
2026-04-08 20:23:49,115,-144.92,2.286791,364.083984,160,15,0,14,0,115,51.90,-35.62,0.00,-19.20,-140.00,-42.00,10.00,8,8,9,18,31,6,6,24,13,27,10,0.0505,0.0642,0.0676,0.0803,0.1675,0.0681,0.0592,0.1159,0.0927,0.1428,0.0913
2026-04-08 20:45:59,113,-216.15,0.000000,0.000000,143,15,0,15,0,113,38.20,-38.35,0.00,-21.00,-150.00,-45.00,0.00,5,8,12,13,20,12,14,15,16,20,8,0.0445,0.0579,0.0659,0.0747,0.1828,0.0669,0.0575,0.1178,0.0916,0.1514,0.0892
2026-04-08 21:06:51,113,34.27,0.000000,0.000000,411,18,0,11,0,113,71.55,-40.07,0.00,-22.20,-130.00,-45.00,50.00,21,24,28,30,89,19,32,43,33,50,42,0.0441,0.0559,0.0667,0.0738,0.1932,0.0663,0.0553,0.1101,0.0900,0.1514,0.0930
2026-04-08 21:15:17,114,8.15,0.000000,0.000000,408,18,0,11,0,114,62.40,-40.45,0.00,-28.80,-140.00,-45.00,50.00,24,12,29,45,86,12,26,43,41,51,39,0.0773,0.0000,0.1108,0.1269,0.2913,0.0000,0.0912,0.0000,0.1495,0.0000,0.1529
2026-04-08 21:21:00,115,-123.75,0.000000,0.000000,255,16,0,13,0,115,57.15,-38.30,0.00,-27.60,-150.00,-45.00,20.00,9,5,17,31,59,6,21,30,18,35,24,0.0426,0.0546,0.0651,0.0726,0.1990,0.0643,0.0541,0.1128,0.0896,0.1540,0.0914
2026-04-08 21:26:37,116,-93.80,2.298753,144.185120,259,16,0,14,0,116,39.30,-39.50,0.00,-18.60,-150.00,-45.00,30.00,16,15,19,23,66,11,11,28,19,27,24,0.0469,0.0601,0.0674,0.0764,0.1732,0.0692,0.0592,0.1164,0.0924,0.1492,0.0896
2026-04-08 21:33:19,117,-33.92,2.298753,144.185120,315,17,0,13,0,117,62.90,-37.83,0.00,-24.00,-150.00,-45.00,40.00,17,16,25,34,64,13,17,33,39,35,22,0.0467,0.0578,0.0669,0.0753,0.1806,0.0687,0.0583,0.1121,0.0917,0.1494,0.0924
2026-04-08 21:41:22,118,3.43,2.298753,144.185120,407,18,0,12,0,118,63.95,-40.92,0.00,-24.60,-150.00,-45.00,50.00,33,25,27,39,90,11,29,29,43,49,32,0.0791,0.0000,0.1117,0.1249,0.2841,0.0000,0.0975,0.0000,0.1503,0.0000,0.1524
2026-04-08 21:48:25,119,-42.00,2.298753,144.185120,335,18,0,12,0,119,52.45,-39.65,0.00,-19.80,-150.00,-45.00,40.00,19,11,25,20,85,10,31,36,33,36,29,0.0432,0.0542,0.0648,0.0726,0.1997,0.0651,0.0545,0.1102,0.0897,0.1522,0.0938
2026-04-08 21:54:40,120,-86.12,2.304856,162.343506,295,16,0,13,0,120,51.50,-38.62,0.00,-24.00,-150.00,-45.00,30.00,14,13,21,30,67,18,15,38,19,33,27,0.0886,0.0000,0.1137,0.1344,0.2593,0.0000,0.0985,0.0000,0.1508,0.0000,0.1547
2026-04-08 22:02:09,121,-40.95,2.304856,162.343506,353,18,0,12,0,121,55.40,-38.55,0.00,-22.80,-150.00,-45.00,40.00,21,13,17,33,81,14,18,33,34,48,41,0.0513,0.0637,0.0678,0.0780,0.1704,0.0667,0.0598,0.1114,0.0942,0.1425,0.0944
2026-04-08 22:07:04,122,-213.72,2.304856,162.343506,227,15,0,15,0,122,45.50,-37.83,0.00,-26.40,-150.00,-45.00,0.00,16,11,18,26,53,5,15,18,21,23,21,0.0904,0.0000,0.1158,0.1330,0.2525,0.0000,0.1064,0.0000,0.1511,0.0000,0.1507
2026-04-08 22:13:50,123,39.30,2.304856,162.343506,320,17,0,13,0,123,58.30,-38.80,0.00,-25.20,-150.00,-45.00,60.00,17,10,39,24,67,10,25,29,26,42,31,0.0474,0.0594,0.0662,0.0771,0.1874,0.0633,0.0555,0.1098,0.0925,0.1455,0.0959
2026-04-08 22:19:57,124,-174.65,2.301461,157.447052,285,16,0,14,0,124,41.80,-39.25,0.00,-22.20,-150.00,-45.00,10.00,17,17,21,23,59,11,19,23,30,38,27,0.0515,0.0639,0.0675,0.0791,0.1678,0.0672,0.0599,0.1138,0.0936,0.1422,0.0934
2026-04-08 22:25:21,125,-128.95,2.301461,157.447052,236,17,0,13,0,125,48.60,-38.55,0.00,-24.00,-150.00,-45.00,20.00,6,8,16,22,64,12,12,20,23,29,24,0.0525,0.0642,0.0685,0.0799,0.1656,0.0680,0.0616,0.1134,0.0934,0.1385,0.0944
2026-04-08 22:32:56,126,-88.95,2.301461,157.447052,372,18,0,12,0,126,46.95,-40.30,0.00,-30.60,-140.00,-45.00,30.00,27,20,22,40,73,10,30,33,38,44,35,0.0461,0.0557,0.0673,0.0750,0.1917,0.0670,0.0577,0.1091,0.0893,0.1451,0.0961
2026-04-08 22:40:16,127,38.68,2.301461,157.447052,361,16,0,14,0,127,53.35,-40.27,0.00,-29.40,-140.00,-45.00,60.00,21,15,21,41,78,13,25,26,35,54,32,0.0488,0.0600,0.0681,0.0775,0.1726,0.0701,0.0623,0.1142,0.0912,0.1414,0.0937
2026-04-08 22:46:44,128,-37.42,2.306291,166.302307,313,17,0,12,0,128,61.20,-39.62,0.00,-24.00,-150.00,-45.00,40.00,20,14,28,34,65,10,27,29,23,31,32,0.0443,0.0548,0.0655,0.0730,0.1980,0.0643,0.0555,0.1115,0.0890,0.1494,0.0946
2026-04-08 22:54:53,129,9.35,2.306291,166.302307,396,18,0,12,0,129,63.10,-41.75,0.00,-27.00,-140.00,-45.00,50.00,26,20,30,35,85,12,18,39,43,48,40,0.0870,0.0000,0.1126,0.1339,0.2617,0.0000,0.0998,0.0000,0.1475,0.0000,0.1575
2026-04-08 23:00:56,130,-90.62,2.306291,166.302307,289,17,0,12,0,130,45.10,-39.12,0.00,-21.60,-150.00,-45.00,30.00,18,11,27,27,69,9,24,20,25,35,24,0.0541,0.0663,0.0688,0.0804,0.1625,0.0685,0.0627,0.1123,0.0929,0.1357,0.0959
2026-04-08 23:07:13,131,-119.85,2.306291,166.302307,313,16,0,13,0,131,60.90,-39.35,0.00,-26.40,-150.00,-45.00,20.00,25,13,26,28,79,10,25,25,24,34,24,0.0524,0.0636,0.0677,0.0796,0.1693,0.0660,0.0601,0.1121,0.0940,0.1405,0.0948
2026-04-08 23:12:22,132,-83.35,2.308513,157.940796,229,16,0,14,0,132,52.00,-38.75,0.00,-21.60,-150.00,-45.00,30.00,14,5,21,22,44,14,13,16,18,36,26,0.0814,0.0000,0.1118,0.1268,0.2765,0.0000,0.1023,0.0000,0.1482,0.0000,0.1531
2026-04-08 23:19:45,133,76.98,2.308513,157.940796,357,16,0,13,0,133,55.05,-38.48,0.00,-24.60,-150.00,-45.00,70.00,17,15,25,39,75,10,27,35,37,46,31,0.0788,0.0000,0.1092,0.1236,0.2916,0.0000,0.0981,0.0000,0.1460,0.0000,0.1527
2026-04-08 23:27:41,134,51.10,2.308513,157.940796,392,18,0,12,0,134,57.85,-39.95,0.00,-31.80,-130.00,-45.00,60.00,26,13,28,37,82,15,34,38,30,51,38,0.0452,0.0542,0.0661,0.0744,0.2010,0.0647,0.0565,0.1079,0.0889,0.1441,0.0970
2026-04-08 23:33:59,135,-68.27,2.308513,157.940796,304,17,0,13,0,135,53.80,-37.88,0.00,-19.20,-140.00,-45.00,30.00,19,11,19,29,81,13,24,33,29,25,21,0.0502,0.0587,0.0683,0.0780,0.1759,0.0691,0.0614,0.1107,0.0917,0.1415,0.0944
2026-04-08 23:39:29,136,-93.17,2.310035,189.477646,257,15,0,14,0,136,42.55,-37.92,0.00,-22.80,-150.00,-45.00,30.00,22,12,13,23,58,8,14,31,28,26,22,0.0777,0.0000,0.1090,0.1227,0.2941,0.0000,0.0983,0.0000,0.1455,0.0000,0.1528
2026-04-08 23:46:19,137,118.28,2.310035,189.477646,331,17,0,12,0,137,80.45,-36.77,0.00,-23.40,-140.00,-42.00,70.00,20,20,25,34,73,9,25,27,22,40,36,0.0863,0.0000,0.1144,0.1298,0.2643,0.0000,0.1049,0.0000,0.1468,0.0000,0.1535
2026-04-08 23:52:13,138,-140.80,2.310035,189.477646,272,16,0,13,0,138,41.85,-40.05,0.00,-27.60,-150.00,-45.00,20.00,14,14,21,33,56,11,13,25,24,34,27,0.0787,0.0000,0.1090,0.1228,0.2939,0.0000,0.0971,0.0000,0.1457,0.0000,0.1528
2026-04-08 23:59:01,139,-50.35,2.310035,189.477646,305,18,0,12,0,139,49.55,-39.70,0.00,-25.20,-150.00,-45.00,40.00,12,10,18,33,63,9,16,28,33,44,39,0.0466,0.0544,0.0663,0.0750,0.1976,0.0649,0.0581,0.1083,0.0899,0.1428,0.0962
2026-04-09 00:06:31,140,52.15,2.310098,189.639725,361,18,0,12,0,140,65.55,-40.40,0.00,-18.00,-150.00,-45.00,60.00,24,20,26,27,76,11,28,33,33,49,34,0.0490,0.0563,0.0672,0.0758,0.1862,0.0665,0.0604,0.1105,0.0915,0.1426,0.0940
2026-04-09 00:13:12,141,-129.00,2.310098,189.639725,318,16,0,13,0,141,43.45,-38.25,0.00,-19.20,-150.00,-45.00,20.00,16,15,20,31,71,15,21,23,29,38,39,0.0734,0.0839,0.0000,0.1138,0.2681,0.0000,0.0917,0.1636,0.0000,0.2055,0.0000
2026-04-09 00:20:23,142,-77.95,2.310098,189.639725,341,17,0,13,0,142,51.25,-38.40,0.00,-25.80,-140.00,-45.00,30.00,23,16,19,23,65,18,26,41,33,37,40,0.0762,0.0873,0.0000,0.1161,0.2527,0.0000,0.0933,0.1667,0.0000,0.2078,0.0000
2026-04-09 00:27:05,143,-10.10,2.310098,189.639725,312,16,0,12,0,143,44.95,-39.05,0.00,-21.00,-150.00,-45.00,50.00,14,9,14,30,69,9,29,37,31,39,31,0.0515,0.0587,0.0674,0.0790,0.1853,0.0627,0.0586,0.1080,0.0940,0.1387,0.0961
2026-04-09 00:33:13,144,31.73,2.310685,165.879974,292,15,0,14,0,144,49.25,-37.92,0.00,-24.60,-150.00,-45.00,60.00,15,11,21,38,57,13,21,27,20,43,26,0.0525,0.0597,0.0687,0.0790,0.1690,0.0697,0.0651,0.1126,0.0930,0.1377,0.0929
2026-04-09 00:39:58,145,-114.15,2.310685,165.879974,326,16,0,13,0,145,55.45,-40.00,0.00,-24.60,-140.00,-45.00,20.00,20,18,19,32,69,12,25,26,34,41,30,0.0791,0.0866,0.0000,0.1127,0.2509,0.0000,0.0969,0.1681,0.0000,0.2055,0.0000
2026-04-09 00:45:42,146,127.98,2.310685,165.879974,274,16,0,12,0,146,63.00,-40.23,0.00,-19.80,-150.00,-45.00,80.00,17,20,17,32,66,9,18,20,17,33,25,0.0540,0.0603,0.0684,0.0826,0.1724,0.0665,0.0626,0.1096,0.0943,0.1340,0.0953
2026-04-09 00:52:52,147,-98.95,2.310685,165.879974,335,17,0,12,0,147,44.15,-39.90,0.00,-28.20,-150.00,-45.00,30.00,8,11,19,30,75,13,33,30,30,50,36,0.0728,0.0818,0.0000,0.1130,0.2751,0.0000,0.0910,0.1617,0.0000,0.2046,0.0000
2026-04-09 01:00:10,148,-87.37,2.307149,173.316498,377,16,0,14,0,148,53.20,-39.78,0.00,-25.80,-150.00,-45.00,30.00,38,13,27,24,101,11,25,31,34,41,32,0.0518,0.0579,0.0682,0.0784,0.1749,0.0683,0.0647,0.1121,0.0929,0.1384,0.0923
2026-04-09 01:06:50,149,-123.55,2.307149,173.316498,323,17,0,13,0,149,53.75,-40.10,0.00,-22.20,-150.00,-45.00,20.00,21,9,23,30,82,9,24,25,33,39,28,0.0694,0.0770,0.0000,0.1095,0.2918,0.0000,0.0881,0.1604,0.0000,0.2037,0.0000
2026-04-09 01:14:50,150,15.22,2.307149,173.316498,396,17,0,12,0,150,63.75,-38.33,0.00,-25.20,-140.00,-45.00,50.00,26,13,35,36,89,10,24,32,38,55,38,0.0522,0.0573,0.0679,0.0787,0.1786,0.0680,0.0650,0.1099,0.0929,0.1366,0.0928
2026-04-09 01:25:28,151,-12.10,2.307149,173.316498,553,18,0,11,0,151,49.30,-41.20,0.00,-25.20,-150.00,-45.00,50.00,32,17,56,51,126,14,41,56,45,72,43,0.0583,0.0643,0.0689,0.0811,0.1607,0.0685,0.0666,0.1109,0.0950,0.1325,0.0930
2026-04-09 01:30:41,152,-171.65,2.308971,123.728851,234,16,0,14,0,152,51.90,-39.75,0.00,-28.80,-150.00,-45.00,10.00,17,9,9,23,45,13,19,28,23,22,26,0.0836,0.0000,0.1099,0.1249,0.2807,0.0000,0.1058,0.0000,0.1471,0.0000,0.1479
2026-04-09 01:36:09,153,-30.50,2.308971,123.728851,246,16,0,14,0,153,58.55,-38.45,0.00,-15.60,-150.00,-45.00,40.00,11,10,26,24,47,7,24,30,18,27,22,0.0790,0.0000,0.1058,0.1206,0.3014,0.0000,0.1008,0.0000,0.1459,0.0000,0.1465
2026-04-09 01:44:43,154,-84.65,2.308971,123.728851,419,17,0,12,0,154,56.40,-39.65,0.00,-26.40,-150.00,-45.00,30.00,20,19,24,35,96,13,29,38,43,51,51,0.0838,0.0000,0.1080,0.1247,0.2831,0.0000,0.1050,0.0000,0.1477,0.0000,0.1477
2026-04-09 01:49:26,155,-178.00,2.308971,123.728851,213,16,0,14,0,155,37.45,-38.85,0.00,-21.60,-150.00,-45.00,10.00,15,7,12,26,51,9,20,22,12,18,21,0.0546,0.0590,0.0671,0.0796,0.1776,0.0647,0.0642,0.1113,0.0954,0.1344,0.0922
2026-04-09 01:54:15,156,-49.67,2.303149,196.374374,214,16,0,14,0,156,45.35,-37.83,0.00,-22.20,-150.00,-45.00,40.00,13,8,12,17,55,12,16,21,16,24,20,0.0520,0.0562,0.0664,0.0784,0.1903,0.0621,0.0608,0.1091,0.0949,0.1363,0.0934
2026-04-09 02:01:43,157,51.52,2.303149,196.374374,371,18,0,11,0,157,67.75,-39.63,0.00,-21.60,-150.00,-45.00,60.00,37,13,25,31,80,10,28,29,37,51,30,0.0494,0.0527,0.0657,0.0761,0.2026,0.0637,0.0620,0.1063,0.0924,0.1357,0.0935
2026-04-09 02:08:03,158,2.62,2.303149,196.374374,315,15,0,13,0,158,43.55,-38.33,0.00,-27.60,-130.00,-45.00,50.00,23,14,22,25,82,13,21,32,30,35,18,0.0530,0.0567,0.0674,0.0790,0.1791,0.0673,0.0648,0.1101,0.0945,0.1370,0.0911
2026-04-09 02:14:16,159,-77.68,2.303149,196.374374,281,18,0,12,0,159,54.15,-38.82,0.00,-18.00,-150.00,-45.00,30.00,17,10,11,16,74,6,24,29,31,33,30,0.0525,0.0555,0.0676,0.0779,0.1866,0.0672,0.0659,0.1078,0.0936,0.1329,0.0924
2026-04-09 02:22:09,160,-93.85,2.304168,172.710739,378,18,0,12,0,160,50.40,-39.25,0.00,-30.00,-150.00,-45.00,30.00,18,19,23,34,79,18,27,40,39,48,33,0.0563,0.0597,0.0675,0.0805,0.1746,0.0655,0.0653,0.1093,0.0963,0.1325,0.0923
2026-04-09 02:28:45,161,-97.20,2.304168,172.710739,331,16,0,14,0,161,42.20,-38.60,0.00,-25.80,-150.00,-45.00,30.00,19,17,16,35,88,12,30,30,22,34,28,0.0571,0.0592,0.0670,0.0830,0.1735,0.0667,0.0662,0.1105,0.0951,0.1294,0.0923
2026-04-09 02:35:13,162,115.68,2.304168,172.710739,308,17,0,13,0,162,58.20,-39.33,0.00,-28.20,-150.00,-45.00,80.00,17,11,20,26,80,15,22,36,19,34,28,0.0490,0.0510,0.0654,0.0750,0.2095,0.0627,0.0620,0.1051,0.0926,0.1343,0.0935
2026-04-09 02:41:15,163,7.15,2.304168,172.710739,293,15,0,13,0,163,59.45,-37.50,0.00,-19.80,-150.00,-45.00,50.00,23,9,16,25,73,10,23,25,25,37,27,0.0503,0.0522,0.0658,0.0760,0.2027,0.0638,0.0636,0.1058,0.0931,0.1335,0.0931
2026-04-09 02:48:14,164,-6.75,2.302544,192.144409,339,16,0,14,0,164,55.20,-40.55,0.00,-26.40,-150.00,-45.00,50.00,23,12,24,37,69,13,20,39,33,41,28,0.0581,0.0617,0.0671,0.0809,0.1711,0.0664,0.0673,0.1103,0.0949,0.1294,0.0929
2026-04-09 02:53:55,165,79.20,2.302544,192.144409,262,16,0,14,0,165,56.90,-39.30,0.00,-23.40,-150.00,-45.00,70.00,9,11,11,25,69,10,27,19,16,37,28,0.0583,0.0595,0.0666,0.0827,0.1735,0.0657,0.0657,0.1097,0.0956,0.1306,0.0920
2026-04-09 03:01:27,166,-0.05,2.302544,192.144409,379,18,0,11,0,166,58.50,-40.15,0.00,-23.40,-150.00,-45.00,50.00,19,16,31,32,107,16,30,26,32,41,29,0.0540,0.0550,0.0659,0.0789,0.1968,0.0612,0.0614,0.1038,0.0959,0.1326,0.0945
2026-04-09 03:08:42,167,-102.35,2.302544,192.144409,358,18,0,12,0,167,43.80,-41.15,0.00,-30.00,-150.00,-45.00,30.00,26,13,27,41,85,7,28,42,32,29,28,0.0523,0.0531,0.0652,0.0804,0.2006,0.0614,0.0609,0.1035,0.0955,0.1320,0.0951
2026-04-09 03:13:52,168,-95.70,2.295532,183.629013,240,16,0,14,0,168,37.90,-38.20,0.00,-20.40,-150.00,-45.00,30.00,16,8,12,41,51,11,16,19,16,29,21,0.0519,0.0534,0.0651,0.0768,0.1972,0.0635,0.0649,0.1078,0.0939,0.1335,0.0919
2026-04-09 03:20:12,169,-47.65,2.295532,183.629013,302,16,0,13,0,169,52.50,-39.35,0.00,-25.80,-150.00,-45.00,40.00,13,19,17,30,76,5,26,31,30,36,19,0.0857,0.0000,0.1047,0.1247,0.2866,0.0000,0.1067,0.0000,0.1463,0.0000,0.1453
2026-04-09 03:26:22,170,-88.52,2.295532,183.629013,303,17,0,13,0,170,47.60,-38.92,0.00,-22.20,-150.00,-45.00,30.00,14,14,23,40,81,8,28,27,24,25,19,0.0561,0.0572,0.0655,0.0823,0.1867,0.0631,0.0639,0.1060,0.0959,0.1295,0.0939
2026-04-09 03:33:06,171,-43.30,2.295532,183.629013,336,16,0,13,0,171,57.25,-39.75,0.00,-25.80,-150.00,-45.00,40.00,21,22,22,37,79,17,20,22,24,37,35,0.0811,0.0000,0.1017,0.1203,0.3052,0.0000,0.1013,0.0000,0.1462,0.0000,0.1441
2026-04-09 03:38:17,172,-35.68,2.295552,162.865936,239,16,0,13,0,172,47.75,-37.83,0.00,-30.60,-130.00,-45.00,40.00,20,8,12,15,59,10,23,24,24,22,22,0.0530,0.0532,0.0646,0.0779,0.2025,0.0595,0.0613,0.1049,0.0965,0.1336,0.0930
2026-04-09 03:44:31,173,-1.73,2.295552,162.865936,293,17,0,13,0,173,55.65,-38.97,0.00,-23.40,-150.00,-45.00,50.00,22,15,20,24,76,3,18,27,27,34,27,0.0805,0.0816,0.0000,0.1182,0.2744,0.0000,0.0960,0.1576,0.0000,0.1917,0.0000
2026-04-09 03:52:13,174,166.35,2.295552,162.865936,396,17,0,13,0,174,64.50,-40.35,0.00,-22.80,-150.00,-45.00,90.00,27,20,20,42,103,14,32,32,31,41,34,0.0761,0.0000,0.0976,0.1157,0.3285,0.0000,0.0963,0.0000,0.1421,0.0000,0.1437
2026-04-09 03:59:44,175,-89.85,2.295552,162.865936,388,16,0,13,0,175,57.20,-38.45,0.00,-33.60,-150.00,-45.00,30.00,31,25,17,43,90,13,29,34,32,37,37,0.0573,0.0573,0.0654,0.0812,0.1839,0.0632,0.0667,0.1070,0.0971,0.1290,0.0920
2026-04-09 04:06:56,176,-5.62,2.292957,181.374802,352,17,0,13,0,176,57.15,-41.38,0.00,-26.40,-150.00,-45.00,50.00,21,14,27,38,80,14,21,34,26,42,35,0.0773,0.0785,0.0000,0.1145,0.2838,0.0000,0.0978,0.1561,0.0000,0.1920,0.0000
2026-04-09 04:13:07,177,-141.80,2.292957,181.374802,309,17,0,13,0,177,38.90,-39.90,0.00,-25.80,-150.00,-45.00,20.00,20,6,19,46,89,12,22,25,13,30,27,0.0514,0.0512,0.0639,0.0771,0.2120,0.0610,0.0655,0.1020,0.0940,0.1279,0.0939
2026-04-09 04:21:07,178,127.38,2.292957,181.374802,411,17,0,13,0,178,69.30,-40.52,0.00,-26.40,-150.00,-45.00,80.00,30,18,26,43,97,11,34,35,35,50,32,0.0779,0.0772,0.0000,0.1112,0.2877,0.0000,0.0972,0.1564,0.0000,0.1924,0.0000
2026-04-09 04:26:04,179,-133.85,2.292957,181.374802,224,16,0,13,0,179,36.15,-39.40,0.00,-15.60,-150.00,-45.00,20.00,15,13,14,19,64,2,13,14,19,30,21,0.0742,0.0747,0.0000,0.1121,0.3052,0.0000,0.0949,0.1511,0.0000,0.1879,0.0000
2026-04-09 04:32:42,180,-43.58,2.285697,182.085632,323,17,0,12,0,180,45.55,-39.52,0.00,-24.60,-140.00,-45.00,40.00,18,15,17,30,76,13,36,35,29,28,26,0.0495,0.0496,0.0629,0.0762,0.2222,0.0594,0.0609,0.1001,0.0930,0.1311,0.0949
2026-04-09 04:38:41,181,-135.67,2.285697,182.085632,285,16,0,13,0,181,37.95,-40.03,0.00,-18.60,-150.00,-45.00,20.00,11,12,15,24,82,9,27,25,19,32,29,0.0521,0.0521,0.0638,0.0780,0.2094,0.0609,0.0666,0.1030,0.0941,0.1270,0.0931
2026-04-09 04:46:01,182,78.05,2.285697,182.085632,374,17,0,12,0,182,63.70,-41.25,0.00,-29.40,-150.00,-45.00,70.00,22,11,21,43,107,11,29,33,27,34,36,0.0549,0.0542,0.0645,0.0816,0.2011,0.0597,0.0641,0.1017,0.0966,0.1265,0.0951
2026-04-09 04:52:06,183,-134.52,2.285697,182.085632,288,16,0,13,0,183,45.05,-39.98,0.00,-24.60,-150.00,-45.00,20.00,18,10,19,21,71,9,22,24,31,40,23,0.0560,0.0557,0.0646,0.0815,0.1964,0.0603,0.0654,0.1036,0.0962,0.1259,0.0943
2026-04-09 04:57:12,184,-96.67,2.284506,147.215530,226,16,0,14,0,184,44.75,-38.82,0.00,-27.60,-150.00,-45.00,30.00,15,6,15,21,56,2,14,19,23,34,21,0.0521,0.0512,0.0631,0.0794,0.2162,0.0568,0.0612,0.1016,0.0953,0.1279,0.0952
2026-04-09 05:03:11,185,-169.15,2.284506,147.215530,304,15,0,14,0,185,41.25,-38.40,0.00,-27.00,-140.00,-45.00,10.00,25,11,18,36,82,13,17,32,21,28,21,0.0569,0.0565,0.0645,0.0819,0.1948,0.0601,0.0665,0.1046,0.0960,0.1249,0.0935
2026-04-09 05:09:16,186,120.88,2.284506,147.215530,294,15,0,14,0,186,62.25,-38.77,0.00,-27.60,-150.00,-45.00,80.00,14,11,21,26,65,12,33,25,26,31,30,0.0855,0.0872,0.0000,0.1219,0.2641,0.0000,0.0940,0.1580,0.0000,0.1893,0.0000
2026-04-09 05:15:32,187,-5.35,2.284506,147.215530,297,16,0,14,0,187,55.85,-39.80,0.00,-26.40,-150.00,-45.00,50.00,14,16,18,25,74,4,27,33,31,33,22,0.0582,0.0585,0.0648,0.0811,0.1897,0.0605,0.0679,0.1049,0.0960,0.1244,0.0941
2026-04-09 05:20:51,188,-76.30,2.283417,204.412628,250,17,0,13,0,188,54.10,-38.60,0.00,-16.80,-150.00,-45.00,30.00,18,12,15,28,74,7,12,14,25,25,20,0.0561,0.0558,0.0646,0.0834,0.1979,0.0600,0.0656,0.1026,0.0956,0.1230,0.0953
2026-04-09 05:26:45,189,-80.20,2.283417,204.412628,282,16,0,13,0,189,59.30,-39.30,0.00,-25.20,-150.00,-45.00,30.00,14,11,18,24,87,10,16,22,28,33,19,0.0514,0.0515,0.0630,0.0791,0.2145,0.0587,0.0655,0.1021,0.0944,0.1264,0.0934
2026-04-09 05:32:30,190,-126.22,2.283417,204.412628,262,16,0,14,0,190,42.25,-38.88,0.00,-24.60,-140.00,-45.00,20.00,17,8,13,24,62,9,15,24,30,32,28,0.0567,0.0560,0.0646,0.0829,0.1953,0.0599,0.0670,0.1043,0.0964,0.1237,0.0933
2026-04-09 05:39:00,191,-78.92,2.283417,204.412628,313,16,0,13,0,191,56.00,-38.92,0.00,-21.00,-150.00,-45.00,30.00,18,15,18,32,70,9,27,26,32,43,23,0.0517,0.0518,0.0632,0.0793,0.2130,0.0591,0.0669,0.1020,0.0945,0.1246,0.0938
2026-04-09 05:45:11,192,-83.52,2.277248,146.577393,290,16,0,14,0,192,51.05,-39.18,0.00,-20.40,-150.00,-45.00,30.00,14,17,14,24,73,9,20,32,27,34,26,0.0522,0.0523,0.0636,0.0795,0.2097,0.0597,0.0678,0.1027,0.0946,0.1242,0.0936
2026-04-09 05:54:56,193,-82.12,2.277248,146.577393,504,18,0,12,0,193,50.95,-42.88,0.00,-25.20,-140.00,-45.00,30.00,20,22,28,51,147,16,34,49,41,46,50,0.0717,0.0717,0.0000,0.1126,0.3286,0.0000,0.0934,0.1436,0.0000,0.1785,0.0000
2026-04-09 06:00:30,194,-115.80,2.277248,146.577393,252,16,0,13,0,194,56.55,-38.15,0.00,-19.20,-150.00,-45.00,20.00,11,12,20,18,60,8,22,22,29,27,23,0.0558,0.0554,0.0646,0.0848,0.1986,0.0595,0.0665,0.1021,0.0963,0.1210,0.0954
2026-04-09 06:08:21,195,9.00,2.277248,146.577393,396,18,0,12,0,195,60.70,-40.30,0.00,-26.40,-140.00,-45.00,50.00,26,15,23,34,108,13,32,29,43,42,31,0.0528,0.0529,0.0646,0.0799,0.2090,0.0604,0.0686,0.1001,0.0949,0.1222,0.0945
2026-04-09 06:15:21,196,-8.65,2.275726,148.680969,339,16,0,13,0,196,53.35,-40.00,0.00,-27.00,-150.00,-45.00,50.00,12,12,20,42,78,9,31,30,35,40,30,0.0527,0.0529,0.0646,0.0802,0.2086,0.0602,0.0689,0.0999,0.0951,0.1216,0.0952
2026-04-09 06:22:26,197,-73.75,2.275726,148.680969,348,18,0,12,0,197,46.30,-40.45,0.00,-24.60,-130.00,-45.00,30.00,22,12,23,35,86,10,31,26,31,41,31,0.0505,0.0503,0.0628,0.0789,0.2235,0.0567,0.0654,0.0993,0.0951,0.1235,0.0941
2026-04-09 06:29:18,198,-133.42,2.275726,148.680969,346,16,0,13,0,198,49.15,-40.58,0.00,-27.00,-150.00,-45.00,20.00,25,9,15,28,109,8,23,27,30,38,34,0.0745,0.0743,0.0000,0.1155,0.3129,0.0000,0.0982,0.1470,0.0000,0.1776,0.0000
2026-04-09 06:36:21,199,-32.55,2.275726,148.680969,347,18,0,12,0,199,63.40,-40.55,0.00,-20.40,-150.00,-45.00,40.00,19,22,18,36,90,11,28,37,33,24,29,0.0542,0.0531,0.0645,0.0831,0.2086,0.0571,0.0651,0.0989,0.0980,0.1213,0.0960
2026-04-09 06:47:21,200,-3.58,2.278070,126.711700,586,19,0,11,0,200,75.60,-41.98,0.00,-22.20,-130.00,-45.00,40.00,36,21,41,59,150,20,46,63,46,52,52,0.0777,0.0774,0.0000,0.1185,0.3008,0.0000,0.0987,0.1469,0.0000,0.1800,0.0000
2026-04-09 06:55:13,201,-24.55,2.278070,126.711700,390,18,0,12,0,201,62.20,-38.35,0.00,-23.40,-140.00,-45.00,40.00,20,17,23,38,100,16,29,40,37,39,31,0.0699,0.0692,0.0000,0.1114,0.3409,0.0000,0.0919,0.1410,0.0000,0.1757,0.0000
2026-04-09 07:00:46,202,85.65,2.278070,126.711700,260,16,0,14,0,202,65.05,-38.00,0.00,-26.40,-150.00,-45.00,70.00,17,14,8,24,70,9,18,26,26,27,21,0.0562,0.0548,0.0649,0.0834,0.2012,0.0578,0.0679,0.1022,0.0984,0.1201,0.0932
2026-04-09 07:09:48,203,229.45,2.278070,126.711700,477,19,0,10,0,203,77.40,-39.55,0.00,-26.40,-140.00,-42.00,100.00,33,16,43,53,124,11,35,41,42,50,29,0.0949,0.0000,0.1050,0.1354,0.2688,0.0000,0.1046,0.0000,0.1414,0.0000,0.1499
2026-04-09 07:17:06,204,-14.28,2.275881,213.177719,373,16,0,13,0,204,47.85,-40.12,0.00,-27.00,-150.00,-45.00,50.00,22,12,21,40,107,9,30,33,22,40,37,0.0523,0.0517,0.0643,0.0802,0.2141,0.0579,0.0692,0.0995,0.0969,0.1198,0.0940
2026-04-09 07:24:26,205,52.80,2.275881,213.177719,366,18,0,12,0,205,63.85,-41.45,0.00,-24.60,-140.00,-45.00,60.00,21,14,14,37,113,9,26,32,24,39,37,0.0547,0.0526,0.0654,0.0835,0.2108,0.0559,0.0661,0.0981,0.0994,0.1189,0.0945
2026-04-09 07:30:53,206,-68.02,2.275881,213.177719,315,17,0,13,0,206,66.10,-41.13,0.00,-18.00,-150.00,-45.00,30.00,20,11,20,25,91,9,23,37,26,29,24,0.0756,0.0000,0.0956,0.1164,0.3307,0.0000,0.1008,0.0000,0.1422,0.0000,0.1386
2026-04-09 07:37:00,207,45.62,2.275881,213.177719,289,16,0,13,0,207,62.45,-38.42,0.00,-23.40,-150.00,-45.00,60.00,15,8,12,20,82,8,27,21,38,35,23,0.0763,0.0000,0.0962,0.1173,0.3266,0.0000,0.1018,0.0000,0.1427,0.0000,0.1391
2026-04-09 07:41:54,208,-93.25,2.272242,243.471802,218,16,0,14,0,208,47.35,-38.60,0.00,-27.00,-150.00,-45.00,30.00,11,11,12,20,63,3,16,19,26,22,15,0.0935,0.0000,0.1056,0.1318,0.2715,0.0000,0.1090,0.0000,0.1484,0.0000,0.1401
2026-04-09 07:47:39,209,-92.88,2.272242,243.471802,271,17,0,13,0,209,48.80,-40.28,0.00,-26.40,-150.00,-45.00,30.00,12,9,14,22,87,12,20,18,18,34,25,0.0729,0.0701,0.0000,0.1138,0.3326,0.0000,0.0975,0.1420,0.0000,0.1711,0.0000
2026-04-09 07:52:52,210,-86.97,2.272242,243.471802,235,16,0,14,0,210,50.40,-38.97,0.00,-23.40,-150.00,-45.00,30.00,11,11,12,17,68,5,18,23,31,19,20,0.0502,0.0482,0.0634,0.0782,0.2333,0.0542,0.0676,0.0978,0.0976,0.1179,0.0915
2026-04-09 08:01:25,211,-99.02,2.272242,243.471802,450,18,0,12,0,211,51.40,-40.02,0.00,-35.40,-150.00,-45.00,30.00,29,12,21,57,123,13,43,38,43,45,26,0.0522,0.0501,0.0647,0.0800,0.2228,0.0562,0.0691,0.0969,0.0980,0.1173,0.0926
2026-04-09 08:19:34,209,180.28,0.000000,0.000000,894,21,0,8,0,209,80.50,-47.23,0.00,-18.00,-110.00,-45.00,80.00,63,27,48,95,271,14,81,74,65,85,71,0.0773,0.0000,0.0968,0.1174,0.3288,0.0000,0.0991,0.0000,0.1408,0.0000,0.1397
2026-04-09 08:35:48,210,345.10,0.000000,0.000000,907,22,0,8,0,210,94.35,-46.05,0.00,-28.20,-110.00,-45.00,120.00,56,34,48,92,275,10,92,78,68,81,73,0.0568,0.0545,0.0674,0.0833,0.1996,0.0610,0.0711,0.0960,0.0985,0.1180,0.0937
2026-04-09 08:50:44,211,253.27,0.000000,0.000000,846,21,0,9,0,211,79.30,-46.43,0.00,-24.60,-110.00,-45.00,100.00,59,35,60,101,249,4,76,62,63,81,56,0.0778,0.0749,0.0000,0.1162,0.3190,0.0000,0.0998,0.1404,0.0000,0.1719,0.0000
2026-04-09 09:13:35,212,485.97,2.277332,125.591629,1300,27,0,3,0,212,124.15,-47.38,0.00,-25.80,-80.00,-45.00,140.00,79,47,82,137,395,18,111,109,114,120,88,0.0908,0.0883,0.0000,0.1290,0.2698,0.0000,0.1018,0.1423,0.0000,0.1780,0.0000
2026-04-09 09:38:51,213,504.17,2.277332,125.591629,1469,29,0,1,0,213,100.75,-54.97,0.00,-36.60,-60.00,-45.00,150.00,104,50,74,164,443,19,122,116,129,137,111,0.0807,0.0797,0.0000,0.1229,0.3049,0.0000,0.0922,0.1382,0.0000,0.1814,0.0000
2026-04-09 09:57:12,214,245.05,2.277332,125.591629,1062,23,0,7,0,214,89.90,-43.45,0.00,-26.40,-90.00,-45.00,90.00,72,39,67,110,333,15,90,80,84,102,70,0.0836,0.0814,0.0000,0.1236,0.2897,0.0000,0.0983,0.1444,0.0000,0.1790,0.0000
2026-04-09 10:15:57,215,358.27,2.277332,125.591629,1082,25,0,5,0,215,116.50,-51.63,0.00,-21.60,-120.00,-45.00,120.00,69,39,56,94,362,15,106,76,82,107,76,0.0782,0.0754,0.0000,0.1199,0.3212,0.0000,0.0962,0.1353,0.0000,0.1739,0.0000
2026-04-09 10:35:32,216,372.57,2.271391,120.778893,1129,26,0,4,0,216,118.50,-52.73,0.00,-28.20,-100.00,-45.00,120.00,72,27,43,143,360,17,103,76,83,119,86,0.0772,0.0741,0.0000,0.1192,0.3306,0.0000,0.0984,0.1319,0.0000,0.1688,0.0000
2026-04-09 10:53:54,217,331.15,2.271391,120.778893,1038,24,0,6,0,217,100.90,-49.35,0.00,-35.40,-120.00,-45.00,120.00,64,49,44,92,327,17,89,87,99,92,78,0.0552,0.0522,0.0653,0.0830,0.2188,0.0567,0.0706,0.0928,0.0979,0.1148,0.0927
2026-04-09 11:18:42,218,635.30,2.271391,120.778893,1442,28,0,2,0,218,133.65,-53.35,0.00,-30.00,-90.00,-45.00,180.00,76,64,75,136,481,13,134,111,118,132,102,0.0933,0.0915,0.0000,0.1328,0.2641,0.0000,0.0995,0.1427,0.0000,0.1761,0.0000
2026-04-09 11:43:34,219,370.30,2.271391,120.778893,1466,27,0,3,0,219,110.10,-63.60,0.00,-31.20,-120.00,-45.00,130.00,96,50,79,166,456,18,134,104,108,143,112,0.0719,0.0000,0.0912,0.1140,0.3554,0.0000,0.0930,0.0000,0.1377,0.0000,0.1368
2026-04-09 12:02:50,220,330.67,2.265003,126.910683,1133,24,0,6,0,220,108.45,-51.58,0.00,-31.20,-130.00,-45.00,120.00,84,47,65,133,352,9,98,76,95,102,72,0.0879,0.0849,0.0000,0.1282,0.2823,0.0000,0.0963,0.1425,0.0000,0.1778,0.0000
2026-04-09 12:21:53,221,307.95,2.265003,126.910683,1126,24,0,6,0,221,94.15,-48.80,0.00,-32.40,-100.00,-45.00,110.00,72,41,63,109,386,14,117,72,76,98,78,0.0786,0.0742,0.0000,0.1195,0.3221,0.0000,0.0978,0.1371,0.0000,0.1708,0.0000
2026-04-09 12:37:47,222,126.27,2.265003,126.910683,920,22,0,8,0,222,82.35,-49.87,0.00,-31.20,-110.00,-45.00,70.00,57,33,42,110,310,10,78,49,66,96,69,0.0728,0.0681,0.0000,0.1138,0.3514,0.0000,0.0967,0.1330,0.0000,0.1642,0.0000
2026-04-09 12:59:16,223,246.97,2.265003,126.910683,1274,24,0,6,0,223,99.20,-51.83,0.00,-35.40,-120.00,-45.00,100.00,95,43,63,128,426,9,114,98,94,115,89,0.0792,0.0000,0.0946,0.1185,0.3285,0.0000,0.1017,0.0000,0.1425,0.0000,0.1349
2026-04-09 13:20:15,224,345.32,2.252518,103.295616,1232,25,0,5,0,224,96.55,-50.23,0.00,-36.00,-100.00,-45.00,120.00,80,42,60,135,413,12,107,104,93,101,85,0.0786,0.0000,0.0931,0.1206,0.3324,0.0000,0.0947,0.0000,0.1441,0.0000,0.1365
2026-04-09 13:42:27,225,286.53,2.252518,103.295616,1328,24,0,5,0,225,96.80,-57.47,0.00,-34.80,-110.00,-48.00,110.00,85,44,77,144,465,13,109,100,97,110,84,0.0797,0.0000,0.0923,0.1189,0.3304,0.0000,0.1027,0.0000,0.1432,0.0000,0.1329
2026-04-09 14:00:39,226,288.68,2.252518,103.295616,1036,23,0,7,0,226,93.20,-48.92,0.00,-30.60,-120.00,-45.00,110.00,75,29,45,98,336,9,84,79,95,109,77,0.0866,0.0818,0.0000,0.1251,0.2970,0.0000,0.0968,0.1411,0.0000,0.1715,0.0000
2026-04-09 14:25:18,227,505.35,2.252518,103.295616,1466,26,0,4,0,227,121.65,-54.10,0.00,-34.20,-80.00,-48.00,150.00,102,41,82,140,476,21,150,122,122,124,86,0.0843,0.0783,0.0000,0.1233,0.3042,0.0000,0.1005,0.1382,0.0000,0.1712,0.0000
2026-04-09 14:48:32,228,344.30,2.244355,104.458748,1380,26,0,4,0,228,108.45,-53.75,0.00,-35.40,-110.00,-45.00,120.00,106,55,63,142,440,14,128,105,105,125,97,0.0730,0.0664,0.0000,0.1106,0.3579,0.0000,0.0933,0.1317,0.0000,0.1671,0.0000
2026-04-09 15:11:08,229,512.70,2.244355,104.458748,1344,26,0,4,0,229,113.65,-49.95,0.00,-36.00,-110.00,-45.00,160.00,84,47,65,161,447,10,134,86,99,121,90,0.0799,0.0721,0.0000,0.1190,0.3312,0.0000,0.1014,0.1331,0.0000,0.1632,0.0000
2026-04-09 15:31:52,230,326.55,2.244355,104.458748,1231,25,0,5,0,230,121.00,-55.85,0.00,-33.60,-100.00,-45.00,110.00,77,49,58,131,452,11,99,85,92,106,71,0.0729,0.0000,0.0857,0.1134,0.3654,0.0000,0.0907,0.0000,0.1408,0.0000,0.1311
2026-04-09 15:44:53,231,57.45,2.244355,104.458748,752,20,0,10,0,231,68.85,-47.60,0.00,-28.80,-130.00,-45.00,60.00,50,26,31,91,251,9,78,59,54,47,56,0.0529,0.0479,0.0610,0.0799,0.2411,0.0515,0.0692,0.0946,0.1000,0.1137,0.0882
2026-04-09 16:07:20,232,344.47,2.235819,115.154778,1322,25,0,5,0,232,107.10,-55.23,0.00,-29.40,-110.00,-48.00,120.00,85,40,65,162,437,15,103,89,94,135,97,0.0835,0.0754,0.0000,0.1239,0.3199,0.0000,0.0978,0.1341,0.0000,0.1653,0.0000
2026-04-09 16:26:28,233,320.00,2.235819,115.154778,1112,24,0,6,0,233,98.35,-47.95,0.00,-35.40,-90.00,-45.00,110.00,71,37,44,104,398,10,105,76,85,99,83,0.0753,0.0664,0.0000,0.1141,0.3580,0.0000,0.0998,0.1293,0.0000,0.1572,0.0000
2026-04-09 16:49:37,234,558.90,2.235819,115.154778,1360,27,0,3,0,234,119.55,-51.05,0.00,-24.60,-80.00,-45.00,160.00,79,42,60,148,467,18,127,99,106,121,93,0.0803,0.0713,0.0000,0.1229,0.3448,0.0000,0.0949,0.1269,0.0000,0.1589,0.0000
2026-04-09 17:01:12,235,55.08,2.235819,115.154778,649,20,0,10,0,235,63.35,-42.28,0.00,-21.00,-100.00,-45.00,50.00,42,24,28,72,233,9,54,47,47,59,34,0.0794,0.0697,0.0000,0.1179,0.3383,0.0000,0.0980,0.1365,0.0000,0.1602,0.0000
2026-04-09 17:22:46,236,339.05,2.221471,111.613716,1278,25,0,5,0,236,113.20,-50.35,0.00,-28.80,-90.00,-45.00,110.00,78,52,57,142,450,14,104,86,97,108,90,0.0820,0.0718,0.0000,0.1247,0.3257,0.0000,0.0981,0.1339,0.0000,0.1638,0.0000
2026-04-09 17:43:58,237,365.60,2.221471,111.613716,1259,24,0,6,0,237,102.25,-47.05,0.00,-24.60,-100.00,-45.00,120.00,87,46,51,127,441,14,110,85,100,119,79,0.0799,0.0000,0.0877,0.1182,0.3439,0.0000,0.0976,0.0000,0.1435,0.0000,0.1293
2026-04-09 18:06:06,238,440.75,2.221471,111.613716,1291,26,0,4,0,238,108.75,-59.40,0.00,-33.60,-130.00,-45.00,150.00,65,46,66,127,461,12,118,97,97,125,77,0.0794,0.0000,0.0876,0.1163,0.3435,0.0000,0.1031,0.0000,0.1419,0.0000,0.1282
2026-04-09 18:25:55,239,279.60,2.221471,111.613716,1171,25,0,5,0,239,95.00,-53.40,0.00,-27.00,-130.00,-45.00,110.00,90,37,52,109,412,15,102,95,105,87,67,0.0767,0.0668,0.0000,0.1138,0.3531,0.0000,0.0975,0.1306,0.0000,0.1615,0.0000
2026-04-09 23:44:35,237,314.30,0.000000,0.000000,984,22,0,7,0,237,81.80,-44.90,0.00,-27.60,-90.00,-45.00,110.00,78,28,41,103,339,10,87,78,74,72,74,0.0851,0.0000,0.0935,0.1237,0.3166,0.0000,0.1045,0.0000,0.1451,0.0000,0.1315
2026-04-10 00:10:13,238,388.50,0.000000,0.000000,1498,25,0,5,0,238,106.85,-55.75,0.00,-27.60,-110.00,-45.00,130.00,96,49,70,184,478,12,136,116,123,125,109,0.0567,0.0498,0.0609,0.0832,0.2327,0.0530,0.0682,0.0934,0.0991,0.1147,0.0884
2026-04-10 00:34:15,239,542.97,0.000000,0.000000,1415,26,0,4,0,239,135.50,-56.32,0.00,-31.20,-100.00,-45.00,160.00,97,43,58,145,487,28,125,108,123,113,88,0.0872,0.0772,0.0000,0.1216,0.3122,0.0000,0.1028,0.1362,0.0000,0.1628,0.0000
2026-04-10 00:54:26,240,493.65,2.213183,115.835129,1180,24,0,4,0,240,106.35,-49.50,0.00,-28.20,-90.00,-45.00,150.00,78,24,65,126,435,7,93,73,96,112,71,0.0799,0.0722,0.0000,0.1224,0.3361,0.0000,0.0892,0.1344,0.0000,0.1658,0.0000
2026-04-10 01:11:25,241,203.93,2.213183,115.835129,978,21,0,9,0,241,84.35,-47.83,0.00,-27.60,-120.00,-45.00,90.00,60,30,48,87,348,8,88,81,78,85,65,0.0785,0.0658,0.0000,0.1195,0.3580,0.0000,0.0956,0.1300,0.0000,0.1526,0.0000
2026-04-10 01:28:13,242,185.43,2.213183,115.835129,1008,21,0,8,0,242,82.15,-45.93,0.00,-25.80,-100.00,-45.00,80.00,70,31,45,100,398,11,89,58,63,82,61,0.0727,0.0000,0.0813,0.1090,0.3795,0.0000,0.0970,0.0000,0.1378,0.0000,0.1227
2026-04-10 01:48:38,243,297.48,2.213183,115.835129,1210,24,0,6,0,243,102.50,-50.03,0.00,-30.00,-120.00,-45.00,110.00,84,45,51,119,445,7,108,81,99,92,79,0.0567,0.0490,0.0597,0.0835,0.2373,0.0518,0.0667,0.0938,0.0997,0.1148,0.0870
2026-04-10 02:11:57,244,333.60,2.197891,93.708076,1376,26,0,4,0,244,123.20,-58.00,0.00,-36.60,-130.00,-45.00,120.00,84,34,62,175,490,10,112,87,101,123,98,0.0754,0.0638,0.0000,0.1144,0.3705,0.0000,0.0987,0.1248,0.0000,0.1523,0.0000
2026-04-10 02:34:11,245,383.50,2.197891,93.708076,1333,26,0,4,0,245,107.20,-46.90,0.00,-31.80,-80.00,-45.00,120.00,94,38,58,121,525,9,116,95,103,101,73,0.0709,0.0000,0.0780,0.1100,0.3927,0.0000,0.0875,0.0000,0.1365,0.0000,0.1243
2026-04-10 02:48:15,246,240.43,2.197891,93.708076,818,19,0,10,0,246,69.70,-44.27,0.00,-30.00,-110.00,-45.00,100.00,52,26,41,86,312,5,63,63,49,62,59,0.0834,0.0697,0.0000,0.1203,0.3362,0.0000,0.0987,0.1362,0.0000,0.1555,0.0000
2026-04-10 03:00:10,247,223.38,2.197891,93.708076,664,21,0,9,0,247,66.55,-44.17,0.00,-24.00,-130.00,-45.00,100.00,37,19,27,67,254,3,63,44,50,62,38,0.0479,0.0399,0.0530,0.0768,0.3019,0.0422,0.0617,0.0862,0.0977,0.1075,0.0852
2026-04-10 03:20:39,248,496.10,2.178658,129.244461,1205,25,0,5,0,248,109.95,-48.85,0.00,-30.00,-90.00,-45.00,150.00,81,42,46,132,437,15,94,85,92,102,79,0.0875,0.0750,0.0000,0.1274,0.3170,0.0000,0.0954,0.1355,0.0000,0.1621,0.0000
2026-04-10 03:42:35,249,259.55,2.178658,129.244461,1332,24,0,6,0,249,96.60,-53.25,0.00,-28.80,-110.00,-45.00,100.00,95,43,61,117,531,10,115,85,96,104,75,0.0715,0.0000,0.0776,0.1088,0.3927,0.0000,0.0951,0.0000,0.1347,0.0000,0.1196
2026-04-10 04:02:25,250,329.52,2.178658,129.244461,1184,25,0,5,0,250,102.15,-50.63,0.00,-27.00,-90.00,-45.00,110.00,79,37,46,131,468,4,100,84,79,86,70,0.0577,0.0474,0.0585,0.0846,0.2471,0.0502,0.0690,0.0909,0.0988,0.1097,0.0859
2026-04-10 04:23:37,251,357.87,2.178658,129.244461,1256,26,0,4,0,251,101.85,-55.37,0.00,-33.60,-130.00,-45.00,130.00,91,35,39,130,470,9,115,93,93,95,86,0.0757,0.0000,0.0799,0.1140,0.3743,0.0000,0.0956,0.0000,0.1376,0.0000,0.1229
2026-04-10 04:37:35,252,178.93,2.165947,104.480286,778,22,0,8,0,252,92.95,-45.62,0.00,-23.40,-120.00,-45.00,80.00,35,24,21,76,297,11,77,65,51,63,58,0.0680,0.0543,0.0000,0.1066,0.4206,0.0000,0.0924,0.1165,0.0000,0.1415,0.0000
2026-04-10 04:57:40,253,362.75,2.165947,104.480286,1219,23,0,6,0,253,86.80,-46.85,0.00,-25.20,-90.00,-42.00,120.00,78,29,56,123,506,12,102,72,76,94,71,0.0848,0.0672,0.0000,0.1262,0.3480,0.0000,0.0948,0.1286,0.0000,0.1504,0.0000
2026-04-10 05:13:16,254,188.65,2.165947,104.480286,907,22,0,7,0,254,75.40,-50.55,0.00,-31.20,-120.00,-45.00,90.00,52,36,35,74,373,8,76,57,74,71,51,0.0526,0.0415,0.0551,0.0797,0.2871,0.0447,0.0702,0.0854,0.0975,0.1019,0.0843
2026-04-10 05:33:12,255,336.02,2.165947,104.480286,1183,23,0,7,0,255,92.50,-44.67,0.00,-16.80,-90.00,-45.00,110.00,69,35,43,123,485,6,88,83,86,91,74,0.0760,0.0608,0.0000,0.1136,0.3764,0.0000,0.0943,0.1279,0.0000,0.1510,0.0000
2026-04-10 06:02:17,256,559.60,2.151462,102.598122,1763,27,0,3,0,256,123.85,-53.25,0.00,-36.00,-70.00,-45.00,160.00,130,43,66,159,691,16,138,141,145,133,101,0.0758,0.0625,0.0000,0.1138,0.3735,0.0000,0.0919,0.1266,0.0000,0.1558,0.0000
2026-04-10 06:26:52,257,596.15,2.151462,102.598122,1473,26,0,2,0,257,121.65,-48.10,0.00,-35.40,-80.00,-42.00,170.00,91,60,54,153,585,9,118,109,122,94,78,0.0875,0.0000,0.0857,0.1261,0.3388,0.0000,0.0986,0.0000,0.1392,0.0000,0.1240
2026-04-10 06:45:32,258,194.20,2.151462,102.598122,1089,24,0,6,0,258,88.60,-54.20,0.00,-25.20,-130.00,-45.00,90.00,72,22,29,109,435,4,100,81,82,86,69,0.0834,0.0688,0.0000,0.1253,0.3460,0.0000,0.0924,0.1307,0.0000,0.1533,0.0000
2026-04-10 07:03:22,259,193.90,2.151462,102.598122,1060,23,0,7,0,259,91.25,-44.75,0.00,-27.60,-100.00,-45.00,80.00,62,32,34,107,452,10,79,71,89,75,49,0.0635,0.0479,0.0000,0.1011,0.4560,0.0000,0.0869,0.1102,0.0000,0.1344,0.0000
2026-04-10 07:24:01,260,549.90,2.141572,111.617722,1228,26,0,3,0,260,131.05,-47.35,0.00,-28.80,-100.00,-45.00,160.00,71,30,36,129,507,13,110,88,86,91,67,0.0837,0.0678,0.0000,0.1262,0.3482,0.0000,0.0917,0.1282,0.0000,0.1542,0.0000
2026-04-10 07:47:56,261,584.27,2.141572,111.617722,1422,29,0,1,0,261,114.60,-54.73,0.00,-30.60,-80.00,-45.00,170.00,92,43,53,129,583,11,110,101,108,103,89,0.0805,0.0630,0.0000,0.1206,0.3661,0.0000,0.0942,0.1261,0.0000,0.1495,0.0000
2026-04-10 08:05:56,262,335.90,2.141572,111.617722,1079,22,0,7,0,262,100.20,-48.10,0.00,-31.20,-120.00,-45.00,120.00,61,34,43,95,480,8,83,66,72,81,56,0.0685,0.0000,0.0698,0.1067,0.4256,0.0000,0.0891,0.0000,0.1286,0.0000,0.1117
2026-04-10 08:23:53,263,295.68,2.141572,111.617722,1058,23,0,6,0,263,104.70,-45.83,0.00,-28.20,-90.00,-45.00,100.00,50,34,34,103,461,8,83,66,66,84,69,0.0845,0.0662,0.0000,0.1251,0.3490,0.0000,0.0942,0.1309,0.0000,0.1502,0.0000
2026-04-10 08:45:16,264,386.15,2.119862,117.684471,1289,26,0,4,0,264,121.00,-51.65,0.00,-28.20,-130.00,-45.00,130.00,77,41,58,126,548,8,97,91,78,93,72,0.0699,0.0000,0.0717,0.1076,0.4166,0.0000,0.0932,0.0000,0.1280,0.0000,0.1130
2026-04-10 09:07:17,265,301.60,2.119862,117.684471,1342,24,0,6,0,265,122.00,-50.20,0.00,-25.20,-100.00,-45.00,100.00,78,46,51,125,581,12,113,71,93,95,77,0.0810,0.0609,0.0000,0.1218,0.3758,0.0000,0.0939,0.1254,0.0000,0.1413,0.0000
2026-04-10 09:28:18,266,373.25,2.119862,117.684471,1270,25,0,5,0,266,126.35,-52.30,0.00,-25.80,-110.00,-45.00,120.00,86,28,51,131,526,16,101,89,75,91,76,0.0656,0.0482,0.0000,0.1046,0.4508,0.0000,0.0877,0.1110,0.0000,0.1321,0.0000
2026-04-10 09:39:43,267,201.25,2.119862,117.684471,656,19,0,11,0,267,71.35,-46.30,0.00,-28.80,-150.00,-45.00,100.00,44,12,24,66,286,2,52,44,46,39,41,0.0685,0.0000,0.0669,0.1016,0.4367,0.0000,0.0953,0.0000,0.1286,0.0000,0.1024
2026-04-10 09:51:27,268,67.95,2.087809,110.392677,686,18,0,11,0,268,70.35,-42.80,0.00,-24.60,-130.00,-45.00,60.00,41,16,24,77,294,4,57,35,43,54,41,0.0622,0.0447,0.0000,0.0994,0.4671,0.0000,0.0881,0.1122,0.0000,0.1263,0.0000
2026-04-10 10:08:27,269,175.55,2.087809,110.392677,1013,23,0,7,0,269,78.80,-47.85,0.00,-20.40,-110.00,-45.00,80.00,66,33,36,104,427,6,78,71,69,65,58,0.0566,0.0000,0.0578,0.0934,0.5012,0.0000,0.0797,0.0000,0.1128,0.0000,0.0984
2026-04-10 10:29:11,270,253.18,2.087809,110.392677,1275,23,0,7,0,270,95.20,-46.43,0.00,-30.60,-120.00,-45.00,100.00,79,28,42,125,585,10,93,88,86,79,60,0.0658,0.0470,0.0000,0.1040,0.4486,0.0000,0.0888,0.1158,0.0000,0.1300,0.0000
2026-04-10 10:39:12,271,198.18,2.087809,110.392677,541,19,0,10,0,271,81.65,-39.27,0.00,-22.20,-140.00,-42.00,90.00,29,8,16,42,251,3,39,41,39,44,29,0.0901,0.0000,0.0822,0.1350,0.3466,0.0000,0.0977,0.0000,0.1264,0.0000,0.1220
2026-04-10 11:00:48,272,448.62,2.064765,116.448341,1322,25,0,5,0,272,122.80,-51.58,0.00,-27.60,-110.00,-45.00,140.00,85,33,53,88,631,8,96,85,88,86,69,0.0729,0.0000,0.0710,0.1088,0.4127,0.0000,0.0975,0.0000,0.1280,0.0000,0.1092
2026-04-10 11:20:07,273,253.63,2.064765,116.448341,1167,24,0,6,0,273,93.50,-52.48,0.00,-32.40,-110.00,-45.00,100.00,73,24,37,109,540,5,91,72,68,75,73,0.0733,0.0517,0.0000,0.1116,0.4262,0.0000,0.0898,0.1171,0.0000,0.1302,0.0000
2026-04-10 11:39:36,274,217.48,2.064765,116.448341,1167,23,0,7,0,274,80.75,-50.68,0.00,-27.60,-100.00,-45.00,90.00,50,36,37,100,534,10,107,79,86,69,59,0.0741,0.0521,0.0000,0.1131,0.4195,0.0000,0.0913,0.1189,0.0000,0.1310,0.0000
2026-04-10 11:51:59,275,187.12,2.064765,116.448341,721,19,0,10,0,275,76.15,-45.22,0.00,-28.80,-130.00,-45.00,90.00,35,19,24,72,324,2,66,42,47,55,35,0.0719,0.0000,0.0677,0.1084,0.4273,0.0000,0.0935,0.0000,0.1275,0.0000,0.1037
2026-04-10 12:12:51,276,396.15,2.047248,100.847115,1267,26,0,4,0,276,113.25,-49.10,0.00,-33.00,-70.00,-45.00,120.00,71,23,46,114,586,7,112,79,82,92,55,0.0664,0.0458,0.0000,0.1104,0.4633,0.0000,0.0825,0.1079,0.0000,0.1237,0.0000
2026-04-10 12:24:53,277,112.10,2.047248,100.847115,727,20,0,10,0,277,75.50,-45.00,0.00,-23.40,-130.00,-45.00,70.00,54,10,26,61,369,6,47,52,32,34,36,0.0421,0.0279,0.0405,0.0700,0.4080,0.0298,0.0611,0.0782,0.0867,0.0863,0.0694
2026-04-10 12:44:54,278,348.50,2.047248,100.847115,1222,24,0,6,0,278,102.15,-48.85,0.00,-19.80,-120.00,-45.00,120.00,74,21,37,110,575,11,93,84,79,75,63,0.0465,0.0314,0.0439,0.0756,0.3742,0.0332,0.0623,0.0801,0.0884,0.0906,0.0739
2026-04-10 13:07:03,279,295.65,2.047248,100.847115,1345,25,0,5,0,279,94.85,-61.20,0.00,-30.00,-140.00,-48.00,120.00,67,39,31,123,632,11,101,87,94,80,80,0.0653,0.0000,0.0620,0.1018,0.4597,0.0000,0.0903,0.0000,0.1207,0.0000,0.1001
2026-04-10 13:27:55,280,456.17,2.024154,103.198746,1210,27,0,3,0,280,123.90,-52.12,0.00,-30.60,-100.00,-45.00,140.00,68,18,36,116,522,9,97,82,97,102,63,0.0765,0.0551,0.0000,0.1195,0.4012,0.0000,0.0891,0.1227,0.0000,0.1358,0.0000
2026-04-10 13:46:11,281,180.68,2.024154,103.198746,1104,23,0,7,0,281,82.30,-50.83,0.00,-25.80,-100.00,-45.00,80.00,52,33,32,87,559,7,75,70,67,67,55,0.0769,0.0537,0.0000,0.1192,0.4052,0.0000,0.0887,0.1238,0.0000,0.1325,0.0000
2026-04-10 14:07:27,282,490.65,2.024154,103.198746,1295,24,0,6,0,282,102.05,-50.60,0.00,-25.80,-90.00,-45.00,150.00,61,38,46,97,633,15,89,87,89,80,60,0.0745,0.0000,0.0674,0.1101,0.4224,0.0000,0.0946,0.0000,0.1280,0.0000,0.1031
2026-04-10 14:26:40,283,253.57,2.024154,103.198746,1177,24,0,6,0,283,83.65,-51.07,0.00,-24.00,-110.00,-45.00,100.00,68,18,51,103,579,6,82,74,60,71,65,0.0697,0.0474,0.0000,0.1097,0.4507,0.0000,0.0857,0.1132,0.0000,0.1236,0.0000
2026-04-10 14:38:14,284,25.07,1.988955,90.997238,679,19,0,11,0,284,63.80,-46.32,0.00,-17.40,-130.00,-45.00,50.00,41,10,18,50,355,3,40,35,46,55,26,0.0595,0.0392,0.0000,0.0949,0.4942,0.0000,0.0853,0.1120,0.0000,0.1149,0.0000
2026-04-10 14:55:43,285,156.98,1.988955,90.997238,1062,23,0,7,0,285,82.40,-52.23,0.00,-28.20,-120.00,-45.00,80.00,54,23,26,85,537,9,84,62,67,66,49,0.0636,0.0404,0.0000,0.1008,0.4938,0.0000,0.0817,0.1058,0.0000,0.1140,0.0000
2026-04-10 15:20:55,286,483.25,1.988955,90.997238,1535,28,0,2,0,286,129.20,-56.75,0.00,-34.20,-70.00,-45.00,140.00,67,28,48,141,742,6,124,88,109,108,74,0.0634,0.0424,0.0000,0.1007,0.4793,0.0000,0.0839,0.1093,0.0000,0.1210,0.0000
2026-04-10 15:45:14,287,364.02,1.988955,90.997238,1517,26,0,4,0,287,109.95,-56.32,0.00,-24.60,-100.00,-45.00,120.00,88,30,50,126,745,8,122,95,78,94,81,0.0693,0.0463,0.0000,0.1043,0.4503,0.0000,0.0916,0.1145,0.0000,0.1237,0.0000
2026-04-10 16:08:25,288,520.23,1.992619,100.454826,1387,27,0,3,0,288,107.30,-54.48,0.00,-27.60,-100.00,-45.00,160.00,62,20,58,121,642,10,106,102,93,100,73,0.0868,0.0000,0.0768,0.1314,0.3694,0.0000,0.0933,0.0000,0.1291,0.0000,0.1132
2026-04-10 16:23:32,289,256.28,1.992619,100.454826,922,21,0,9,0,289,84.20,-46.52,0.00,-26.40,-110.00,-45.00,100.00,47,12,20,88,492,2,61,57,46,54,43,0.0706,0.0456,0.0000,0.1043,0.4508,0.0000,0.0922,0.1177,0.0000,0.1188,0.0000
2026-04-10 16:49:18,290,655.02,1.992619,100.454826,1614,27,3,0,1,289,126.45,-47.23,0.00,-28.20,-40.00,-36.00,170.00,108,30,49,128,779,7,131,102,101,102,77,0.0674,0.0421,0.0000,0.1035,0.4780,0.0000,0.0902,0.1062,0.0000,0.1126,0.0000
2026-04-10 17:13:54,291,423.47,1.992619,100.454826,1532,25,0,5,1,290,111.00,-52.52,0.00,-30.00,-80.00,-45.00,130.00,76,34,42,146,750,11,133,76,85,101,78,0.0622,0.0391,0.0000,0.0958,0.4994,0.0000,0.0881,0.1054,0.0000,0.1101,0.0000
2026-04-10 17:35:30,292,388.17,1.983160,112.585022,1342,26,0,4,1,291,111.80,-51.43,0.00,-37.20,-110.00,-45.00,130.00,80,24,34,121,659,13,123,71,75,84,58,0.0769,0.0510,0.0000,0.1135,0.4208,0.0000,0.0923,0.1192,0.0000,0.1264,0.0000
2026-04-10 17:49:27,293,157.93,1.983160,112.585022,806,22,0,8,1,292,65.35,-48.43,0.00,-24.00,-110.00,-45.00,80.00,44,12,24,52,410,5,52,59,49,59,40,0.0609,0.0379,0.0000,0.0925,0.5020,0.0000,0.0854,0.1088,0.0000,0.1126,0.0000
2026-04-10 18:07:41,294,328.37,1.983160,112.585022,1130,23,0,7,1,293,82.65,-51.68,0.00,-27.60,-110.00,-45.00,120.00,64,22,28,97,603,4,69,66,71,56,50,0.0600,0.0368,0.0000,0.0917,0.5124,0.0000,0.0857,0.1050,0.0000,0.1084,0.0000
2026-04-10 18:25:54,295,341.03,1.983160,112.585022,1105,24,0,6,1,294,114.25,-46.43,0.00,-31.80,-90.00,-45.00,110.00,74,18,27,92,526,5,92,69,90,71,41,0.0839,0.0000,0.0704,0.1244,0.3967,0.0000,0.0920,0.0000,0.1270,0.0000,0.1056
2026-04-10 18:48:07,296,318.70,1.951701,103.863289,1379,24,0,5,1,295,102.25,-53.15,0.00,-35.40,-90.00,-45.00,110.00,75,26,34,115,706,6,98,92,100,78,49,0.0614,0.0376,0.0000,0.0936,0.5068,0.0000,0.0875,0.1051,0.0000,0.1080,0.0000
2026-04-10 19:05:42,297,181.90,1.951701,103.863289,1056,22,0,7,1,296,83.05,-48.55,0.00,-30.60,-100.00,-42.00,80.00,45,12,16,103,558,6,77,63,66,61,49,0.0628,0.0417,0.0000,0.0931,0.4721,0.0000,0.0817,0.1237,0.0000,0.1248,0.0000
2026-04-10 19:26:13,298,307.25,1.951701,103.863289,1261,25,0,5,1,297,105.35,-53.70,0.00,-29.40,-110.00,-45.00,110.00,63,18,29,105,670,11,82,83,78,70,52,0.0683,0.0424,0.0000,0.1001,0.4692,0.0000,0.0905,0.1132,0.0000,0.1163,0.0000
